stratum,corpus,policy,max_length,oracle_units,trained_units,unsupported_units,conditional_prevalence,ci_low,ci_high,affected_conversations,total_conversations,conversation_incidence,unsupported_target_tokens,unsupported_target_token_occurrences,effective_supervised_tokens,nominal_supervised_tokens,processed_objective_exposure,nominal_objective_exposure,target_retention,supervised_token_retention,row_supervision_retention,unique_token_coverage,unique_supervision_coverage,generated_examples
all_admitted,retool,bfd,256,1611,0,0,0.0,0.0,0.0,0,2000,0.0,0,0,0,3380027,0.0,0.0,0.0,0.0,0.0,0.11933074099728802,0.0,2000
all_admitted,retool,bfd,512,1611,6,0,0.0,0.0,0.0,0,2000,0.0,0,0,273945,3380027,0.0,0.0,0.0037243947858473,0.08104816914184414,0.972,0.23866148199457604,0.08104816914184414,2000
all_admitted,retool,bfd,1024,1611,499,0,0.0,0.0,0.0,0,2000,0.0,0,0,1230440,3380027,0.0,0.0,0.3097454996896338,0.3640325950058979,0.998,0.4731191191153863,0.3640325950058979,2000
all_admitted,retool,bfd,2048,1611,1282,0,0.0,0.0,0.0,0,2000,0.0,0,0,2392261,3380027,0.0,0.0,0.7957790192427064,0.7077638728921396,1.0,0.7615433846486596,0.7077638728921396,1835
all_admitted,retool,bfd,4096,1611,1538,0,0.0,0.0,0.0,0,2000,0.0,0,0,3065889,3380027,0.0,0.0,0.9546865301055245,0.907060505729688,1.0,0.9252052628585865,0.907060505729688,996
all_admitted,retool,bfd,8192,1611,1602,0,0.0,0.0,0.0,0,2000,0.0,0,0,3331535,3380027,0.0,0.0,0.994413407821229,0.9856533690411349,1.0,0.9885020635827749,0.9856533690411349,527
all_admitted,retool,bfd_split,256,1611,1600,519,0.324375,0.301527817056754,0.34840957344142054,479,2000,0.2395,6348,6348,3366992,3380027,0.0018853623649833441,0.0018780915063696237,0.9931719428926132,0.9961435219304461,1.0,1.0,0.9961435219304461,16780
all_admitted,retool,bfd_split,512,1611,1606,315,0.19613947696139478,0.17738836576196482,0.2176420291373663,301,2000,0.1505,4239,4239,3373024,3380027,0.001256735795535401,0.0012541319936201693,0.9968963376784605,0.9979281230593721,1.0,1.0,0.9979281230593721,8396
all_admitted,retool,bfd_split,1024,1611,1608,232,0.14427860696517414,0.127099836819463,0.1626391417153139,227,2000,0.1135,3120,3120,3376979,3380027,0.0009239026952788277,0.0009230695494444276,0.9981378026070763,0.9990982320555427,1.0,1.0,0.9990982320555427,4197
all_admitted,retool,bfd_split,2048,1611,1610,89,0.055279503105590065,0.04465394380012694,0.0667882143508906,88,2000,0.044,1451,1451,3379112,3380027,0.00042940275433309106,0.00042928651161662317,0.9993792675356921,0.999729292103288,1.0,1.0,0.999729292103288,2294
all_admitted,retool,bfd_split,4096,1611,1611,13,0.008069522036002483,0.004244868409501711,0.012867647058823529,13,2000,0.0065,215,215,3379845,3380027,6.361238459160109e-05,6.360895933671535e-05,1.0,0.9999461542762824,1.0,1.0,0.9999461542762824,1072
all_admitted,retool,bfd_split,8192,1611,1611,2,0.0012414649286157666,0.0,0.0031290091624555753,2,2000,0.001,22,22,3380005,3380027,6.508866111144806e-06,6.508823746082502e-06,1.0,0.9999934911762539,1.0,1.0,0.9999934911762539,533
all_admitted,retool,drop_overlength,256,1611,0,0,0.0,0.0,0.0,0,2000,0.0,0,0,0,3380027,0.0,0.0,0.0,0.0,0.0,0.0,0.0,0
all_admitted,retool,drop_overlength,512,1611,0,0,0.0,0.0,0.0,0,2000,0.0,0,0,0,3380027,0.0,0.0,0.0,0.0,0.0,0.0,0.0,0
all_admitted,retool,drop_overlength,1024,1611,152,0,0.0,0.0,0.0,0,2000,0.0,0,0,93536,3380027,0.0,0.0,0.09435133457479826,0.02767315172334422,0.09,0.0387552218852579,0.02767315172334422,180
all_admitted,retool,drop_overlength,2048,1611,1056,0,0.0,0.0,0.0,0,2000,0.0,0,0,1248173,3380027,0.0,0.0,0.6554934823091247,0.3692790028008652,0.648,0.4255080180002965,0.3692790028008652,1296
all_admitted,retool,drop_overlength,4096,1611,1500,0,0.0,0.0,0.0,0,2000,0.0,0,0,2485361,3380027,0.0,0.0,0.931098696461825,0.7353080315630615,0.921,0.7743712062380145,0.7353080315630615,1842
all_admitted,retool,drop_overlength,8192,1611,1598,0,0.0,0.0,0.0,0,2000,0.0,0,0,3160443,3380027,0.0,0.0,0.9919304779639975,0.935034838479101,0.989,0.9464976427517297,0.935034838479101,1978
all_admitted,retool,keep_end,256,1611,985,189,0.1918781725888325,0.1674935375325636,0.21643573152433568,189,2000,0.0945,1765,1765,444790,3380027,0.003968164751905394,0.0005221851778107098,0.611421477343265,0.13159362336454708,1.0,0.11933074099728802,0.13159362336454708,2000
all_admitted,retool,keep_end,512,1611,1259,153,0.12152501985702939,0.1033070374131063,0.14004958969595824,153,2000,0.0765,1867,1867,916026,3380027,0.0020381517555178564,0.0005523624515425469,0.7815021725636251,0.271011444583135,1.0,0.23866148199457604,0.271011444583135,2000
all_admitted,retool,keep_end,1024,1611,1491,69,0.04627766599597585,0.03617372424656966,0.0572208924579218,69,2000,0.0345,1393,1393,1736916,3380027,0.0008019961817382073,0.00041212688537695113,0.925512104283054,0.5138763684432106,1.0,0.4731191191153863,0.5138763684432106,2000
all_admitted,retool,keep_end,2048,1611,1575,17,0.010793650793650795,0.0059235022183159345,0.016118893117863606,17,2000,0.0085,854,854,2590762,3380027,0.000329632748975012,0.00025266070359792985,0.9776536312849162,0.7664915102749179,1.0,0.7615433846486596,0.7664915102749179,2000
all_admitted,retool,keep_end,4096,1611,1608,4,0.0024875621890547263,0.0006097375300793202,0.005022128948025676,4,2000,0.002,102,102,3117042,3380027,3.272333192815496e-05,3.0177273731837052e-05,0.9981378026070763,0.9221944085062043,1.0,0.9252052628585865,0.9221944085062043,2000
all_admitted,retool,keep_end,8192,1611,1610,0,0.0,0.0,0.0,0,2000,0.0,0,0,3338381,3380027,0.0,0.0,0.9993792675356921,0.9876787966486659,1.0,0.9885020635827749,0.9876787966486659,2000
all_admitted,retool,keep_start,256,1611,0,0,0.0,0.0,0.0,0,2000,0.0,0,0,0,3380027,0.0,0.0,0.0,0.0,0.0,0.0,0.0,0
all_admitted,retool,keep_start,512,1611,6,0,0.0,0.0,0.0,0,2000,0.0,0,0,273945,3380027,0.0,0.0,0.0037243947858473,0.08104816914184414,0.972,0.2319789604987279,0.08104816914184414,1944
all_admitted,retool,keep_start,1024,1611,499,0,0.0,0.0,0.0,0,2000,0.0,0,0,1230440,3380027,0.0,0.0,0.3097454996896338,0.3640325950058979,0.998,0.472164473187408,0.3640325950058979,1996
all_admitted,retool,keep_start,2048,1611,1282,0,0.0,0.0,0.0,0,2000,0.0,0,0,2392261,3380027,0.0,0.0,0.7957790192427064,0.7077638728921396,1.0,0.7615433846486596,0.7077638728921396,2000
all_admitted,retool,keep_start,4096,1611,1538,0,0.0,0.0,0.0,0,2000,0.0,0,0,3065889,3380027,0.0,0.0,0.9546865301055245,0.907060505729688,1.0,0.9252052628585865,0.907060505729688,2000
all_admitted,retool,keep_start,8192,1611,1602,0,0.0,0.0,0.0,0,2000,0.0,0,0,3331535,3380027,0.0,0.0,0.994413407821229,0.9856533690411349,1.0,0.9885020635827749,0.9856533690411349,2000
all_admitted,retool,wrapped,256,1611,790,282,0.3569620253164557,0.32608555580457194,0.391304347826087,255,2000,0.1275,3514,7028,3362765,3380027,0.002089946814600485,0.0010396366656242686,0.4903786468032278,0.9948929402043238,0.5055,0.5024623618723366,0.4998593206503972,16761
all_admitted,retool,wrapped,512,1611,790,168,0.21265822784810126,0.1846774624724835,0.24206860579283257,159,2000,0.0795,2409,4818,3369345,3380027,0.0014299515187670008,0.000712716200196034,0.4903786468032278,0.9968396702156521,0.5055,0.5024623618723366,0.5008371234904336,8381
all_admitted,retool,wrapped,1024,1611,793,100,0.12610340479192939,0.102919225162701,0.1514782054181327,98,2000,0.049,1551,3102,3372638,3380027,0.0009197548032133896,0.00045887207409881636,0.49224084419615144,0.9978139227881907,0.5055,0.5024623618723366,0.501326764549514,4191
all_admitted,retool,wrapped,2048,1611,793,64,0.0807061790668348,0.06280618664967864,0.10074699178525974,64,2000,0.032,1148,2296,3374250,3380027,0.0006804475068533748,0.0003396422572955778,0.49224084419615144,0.9982908420554037,0.5055,0.5024623618723366,0.5015661117499949,2096
all_admitted,retool,wrapped,4096,1611,793,34,0.04287515762925599,0.029518523418268754,0.05845771144278607,34,2000,0.017,425,850,3375060,3380027,0.0002518473745651929,0.00012573864054932104,0.49224084419615144,0.9985304851115094,0.5055,0.5024623618723366,0.5016865249892974,1049
all_admitted,retool,wrapped,8192,1611,793,12,0.015132408575031526,0.00724550585284281,0.024302075665256478,12,2000,0.006,127,254,3375479,3380027,7.524857953493416e-05,3.757366435238535e-05,0.49224084419615144,0.9986544486183099,0.5055,0.5024623618723366,0.50174865467051,525
all_admitted,retool,wrapped_single_batch,256,1611,1605,545,0.3395638629283489,0.31642340036839084,0.3624782219248366,498,2000,0.249,6481,6481,3366887,3380027,0.0019249235272820265,0.0019174403044709407,0.9962756052141527,0.9961124570898399,1.0,1.0,0.9961124570898399,16761
all_admitted,retool,wrapped_single_batch,512,1611,1606,325,0.20236612702366127,0.183467432112066,0.2220160791589363,308,2000,0.154,4541,4541,3373461,3380027,0.0013460953009387096,0.0013434803923163927,0.9968963376784605,0.9980574119674192,1.0,1.0,0.9980574119674192,8381
all_admitted,retool,wrapped_single_batch,1024,1611,1610,190,0.11801242236024845,0.10235380581598601,0.13442513726328764,185,2000,0.0925,2930,2930,3376762,3380027,0.0008676951470076955,0.0008668569807282605,0.9993792675356921,0.9990340313849564,1.0,1.0,0.9990340313849564,4191
all_admitted,retool,wrapped_single_batch,2048,1611,1610,113,0.07018633540372671,0.05820382958675461,0.08391276072319788,112,2000,0.056,1998,1998,3378386,3380027,0.000591406665786562,0.0005911195383942199,0.9993792675356921,0.9995145009196672,1.0,1.0,0.9995145009196672,2096
all_admitted,retool,wrapped_single_batch,4096,1611,1611,62,0.038485412787088766,0.029869321717486,0.048377466764119074,62,2000,0.031,845,845,3379199,3380027,0.00025005925960560477,0.00024999800297453243,1.0,0.9997550315426474,1.0,1.0,0.9997550315426474,1048
all_admitted,retool,wrapped_single_batch,8192,1611,1611,29,0.018001241464928614,0.011807662212939453,0.024845106524248303,29,2000,0.0145,357,357,3379622,3380027,0.00010563311518270387,0.00010562045806142968,1.0,0.9998801784719471,1.0,1.0,0.9998801784719471,524
all_admitted,toolace,bfd,256,918,0,0,0.0,0.0,0.0,0,11300,0.0,0,0,10988,935907,0.0,0.0,0.0,0.011740482761641914,0.035663716814159294,0.34412623618917293,0.011740482761641914,11300
all_admitted,toolace,bfd,512,918,10,0,0.0,0.0,0.0,0,11300,0.0,0,0,161267,935907,0.0,0.0,0.010893246187363835,0.17231092405548842,0.37849557522123894,0.64167747874149,0.17231092405548842,11076
all_admitted,toolace,bfd,1024,918,503,0,0.0,0.0,0.0,0,11300,0.0,0,0,618299,935907,0.0,0.0,0.5479302832244008,0.6606414953622529,0.903362831858407,0.9190124782063057,0.6606414953622529,8099
all_admitted,toolace,bfd,2048,918,888,0,0.0,0.0,0.0,0,11300,0.0,0,0,904499,935907,0.0,0.0,0.9673202614379085,0.9664411100675602,0.998141592920354,0.9941374350842948,0.9664411100675602,4154
all_admitted,toolace,bfd,4096,918,918,0,0.0,0.0,0.0,0,11300,0.0,0,0,934354,935907,0.0,0.0,1.0,0.9983406470942091,1.0,0.9998054960143985,0.9983406470942091,2065
all_admitted,toolace,bfd,8192,918,918,0,0.0,0.0,0.0,0,11300,0.0,0,0,935907,935907,0.0,0.0,1.0,1.0,1.0,1.0,1.0,1034
all_admitted,toolace,bfd_split,256,918,906,556,0.6136865342163356,0.5812898522191734,0.6471239249832886,446,11300,0.03946902654867256,28038,28038,932287,935907,0.030074429869771862,0.029958104811696033,0.9869281045751634,0.9961320943213375,1.0,1.0,0.9961320943213375,32799
all_admitted,toolace,bfd_split,512,918,913,353,0.38663745892661555,0.3550129756270748,0.41978189749182115,302,11300,0.02672566371681416,19548,19548,933988,935907,0.02092960509128597,0.02088669066477759,0.9945533769063181,0.9979495825974162,1.0,1.0,0.9979495825974162,16618
all_admitted,toolace,bfd_split,1024,918,916,240,0.26200873362445415,0.23439168606243155,0.28965039637979517,224,11300,0.01982300884955752,13787,13787,935165,935907,0.014742852865537098,0.01473116452809948,0.9978213507625272,0.9992071861840973,1.0,1.0,0.9992071861840973,8569
all_admitted,toolace,bfd_split,2048,918,918,43,0.046840958605664486,0.03333240843507214,0.0625,40,11300,0.0035398230088495575,3907,3907,935838,935907,0.004174867872430912,0.004174560079153164,1.0,0.9999262747260145,1.0,1.0,0.9999262747260145,4168
all_admitted,toolace,bfd_split,4096,918,918,3,0.0032679738562091504,0.0,0.007495048754261976,3,11300,0.00026548672566371683,200,200,935904,935907,0.00021369713132970904,0.00021369644633494568,1.0,0.9999967945533049,1.0,1.0,0.9999967945533049,2065
all_admitted,toolace,bfd_split,8192,918,918,0,0.0,0.0,0.0,0,11300,0.0,0,0,935907,935907,0.0,0.0,1.0,1.0,1.0,1.0,1.0,1034
all_admitted,toolace,drop_overlength,256,918,0,0,0.0,0.0,0.0,0,11300,0.0,0,0,7893,935907,0.0,0.0,0.0,0.008433530254608631,0.02088495575221239,0.006144655358626568,0.008433530254608631,236
all_admitted,toolace,drop_overlength,512,918,2,0,0.0,0.0,0.0,0,11300,0.0,0,0,125728,935907,0.0,0.0,0.002178649237472767,0.13433813402400024,0.2872566371681416,0.1496124657246389,0.13433813402400024,3246
all_admitted,toolace,drop_overlength,1024,918,184,0,0.0,0.0,0.0,0,11300,0.0,0,0,503886,935907,0.0,0.0,0.20043572984749455,0.5383932377896522,0.8254867256637168,0.6780509173249473,0.5383932377896522,9328
all_admitted,toolace,drop_overlength,2048,918,775,0,0.0,0.0,0.0,0,11300,0.0,0,0,850250,935907,0.0,0.0,0.8442265795206971,0.9084770174814378,0.99,0.9665221649224353,0.9084770174814378,11187
all_admitted,toolace,drop_overlength,4096,918,911,0,0.0,0.0,0.0,0,11300,0.0,0,0,930431,935907,0.0,0.0,0.9923747276688453,0.9941489912993492,0.9997345132743363,0.9983391984836804,0.9941489912993492,11297
all_admitted,toolace,drop_overlength,8192,918,918,0,0.0,0.0,0.0,0,11300,0.0,0,0,935907,935907,0.0,0.0,1.0,1.0,1.0,1.0,1.0,11300
all_admitted,toolace,keep_end,256,918,485,190,0.3917525773195876,0.3482407182230869,0.43683721655770946,190,11300,0.016814159292035398,6796,6796,724642,935907,0.009378424104592336,0.007261405246461454,0.528322440087146,0.7742671013252385,1.0,0.34412623618917293,0.7742671013252385,11300
all_admitted,toolace,keep_end,512,918,672,185,0.27529761904761907,0.243525011926668,0.3089802130898021,185,11300,0.016371681415929203,9017,9017,825431,935907,0.010923990012490444,0.009634504283011026,0.7320261437908496,0.8819583569735027,1.0,0.64167747874149,0.8819583569735027,11300
all_admitted,toolace,keep_end,1024,918,869,106,0.12197928653624857,0.10104499613964485,0.1443542073160734,106,11300,0.009380530973451328,6383,6383,910715,935907,0.007008778816644065,0.006820122084779791,0.9466230936819172,0.9730827956196503,1.0,0.9190124782063057,0.9730827956196503,11300
all_admitted,toolace,keep_end,2048,918,914,12,0.01312910284463895,0.006472317542684968,0.020586166291997363,12,11300,0.0010619469026548673,1598,1598,932977,935907,0.001712796778484357,0.001707434606216216,0.9956427015250545,0.996869347061193,1.0,0.9941374350842948,0.996869347061193,11300
all_admitted,toolace,keep_end,4096,918,918,2,0.002178649237472767,0.0,0.005494505494505495,2,11300,0.00017699115044247788,28,28,935876,935907,2.9918493475631388e-05,2.9917502486892395e-05,1.0,0.9999668770508181,1.0,0.9998054960143985,0.9999668770508181,11300
all_admitted,toolace,keep_end,8192,918,918,0,0.0,0.0,0.0,0,11300,0.0,0,0,935907,935907,0.0,0.0,1.0,1.0,1.0,1.0,1.0,11300
all_admitted,toolace,keep_start,256,918,0,0,0.0,0.0,0.0,0,11300,0.0,0,0,10988,935907,0.0,0.0,0.0,0.011740482761641914,0.035663716814159294,0.01124614885091699,0.011740482761641914,403
all_admitted,toolace,keep_start,512,918,10,0,0.0,0.0,0.0,0,11300,0.0,0,0,161267,935907,0.0,0.0,0.010893246187363835,0.17231092405548842,0.37849557522123894,0.21260216381507516,0.17231092405548842,4277
all_admitted,toolace,keep_start,1024,918,503,0,0.0,0.0,0.0,0,11300,0.0,0,0,618299,935907,0.0,0.0,0.5479302832244008,0.6606414953622529,0.903362831858407,0.7855794029109491,0.6606414953622529,10208
all_admitted,toolace,keep_start,2048,918,888,0,0.0,0.0,0.0,0,11300,0.0,0,0,904499,935907,0.0,0.0,0.9673202614379085,0.9664411100675602,0.998141592920354,0.9890053937267811,0.9664411100675602,11279
all_admitted,toolace,keep_start,4096,918,918,0,0.0,0.0,0.0,0,11300,0.0,0,0,934354,935907,0.0,0.0,1.0,0.9983406470942091,1.0,0.9998054960143985,0.9983406470942091,11300
all_admitted,toolace,keep_start,8192,918,918,0,0.0,0.0,0.0,0,11300,0.0,0,0,935907,935907,0.0,0.0,1.0,1.0,1.0,1.0,1.0,11300
all_admitted,toolace,wrapped,256,918,911,564,0.6190998902305159,0.5875945974192041,0.6500569423139497,454,11300,0.04017699115044248,28537,257914,2767318,935907,0.09319998641283726,0.030491277445301723,0.9923747276688453,2.956830112393646,0.08849557522123894,0.15648251355472023,0.3610914332300111,32742
all_admitted,toolace,wrapped,512,918,913,360,0.39430449069003287,0.36123118323766784,0.4266817290270905,314,11300,0.027787610619469025,19805,178745,2772785,935907,0.0644640677153115,0.021161290598317995,0.9945533769063181,2.9626715047542116,0.08849557522123894,0.15648251355472023,0.3618158641830866,16375
all_admitted,toolace,wrapped,1024,918,915,216,0.2360655737704918,0.2081915582770576,0.26377561922601295,201,11300,0.017787610619469027,12287,106551,2775611,935907,0.0383883044129743,0.013128441180587388,0.9967320261437909,2.9656910355409245,0.08849557522123894,0.15648251355472023,0.36217380573069763,8191
all_admitted,toolace,wrapped,2048,918,916,115,0.12554585152838427,0.10514123739794881,0.14629479747026047,114,11300,0.010088495575221238,5610,43774,2776880,935907,0.015763734839099996,0.005994185319695226,0.9978213507625272,2.9670469394929198,0.08849557522123894,0.15648251355472023,0.36234048895883886,4100
all_admitted,toolace,wrapped,4096,918,917,59,0.064340239912759,0.04840309756002453,0.0804350862278358,59,11300,0.0052212389380530974,3007,22131,2777607,935907,0.007967649851112847,0.003212926070645908,0.9989106753812637,2.967823726075347,0.08849557522123894,0.15648251355472023,0.3624377208419213,2053
all_admitted,toolace,wrapped,8192,918,918,27,0.029411764705882353,0.01880479025081895,0.040706314291848136,27,11300,0.0023893805309734514,951,7220,2777976,935907,0.0025990145343228305,0.0010161266023226666,1.0,2.968217996018835,0.08849557522123894,0.15648251355472023,0.3624783231667249,1032
all_admitted,toolace,wrapped_single_batch,256,918,911,564,0.6190998902305159,0.5875945974192041,0.6500569423139497,454,11300,0.04017699115044248,28537,28537,932232,935907,0.030611478687708638,0.030491277445301723,0.9923747276688453,0.9960733277985954,1.0,1.0,0.9960733277985954,32736
all_admitted,toolace,wrapped_single_batch,512,918,913,360,0.39430449069003287,0.36123118323766784,0.4266817290270905,314,11300,0.027787610619469025,19805,19805,934068,935907,0.021202953104056663,0.021161290598317995,0.9945533769063181,0.9980350611759502,1.0,1.0,0.9980350611759502,16368
all_admitted,toolace,wrapped_single_batch,1024,918,915,216,0.2360655737704918,0.2081915582770576,0.26377561922601295,201,11300,0.017787610619469027,12287,12287,935001,935907,0.013141162415869073,0.013128441180587388,0.9967320261437909,0.9990319550981027,1.0,1.0,0.9990319550981027,8184
all_admitted,toolace,wrapped_single_batch,2048,918,916,115,0.12554585152838427,0.10514123739794881,0.14629479747026047,114,11300,0.010088495575221238,5610,5610,935440,935907,0.005997177798682972,0.005994185319695226,0.9978213507625272,0.999501018797808,1.0,1.0,0.999501018797808,4092
all_admitted,toolace,wrapped_single_batch,4096,918,917,59,0.064340239912759,0.04840309756002453,0.0804350862278358,59,11300,0.0052212389380530974,3007,3007,935671,935907,0.003213736452235882,0.003212926070645908,0.9989106753812637,0.9997478381933248,1.0,1.0,0.9997478381933248,2046
all_admitted,toolace,wrapped_single_batch,8192,918,918,27,0.029411764705882353,0.01880479025081895,0.040706314291848136,27,11300,0.0023893805309734514,951,951,935779,935907,0.0010162655926238995,0.0010161266023226666,1.0,0.9998632342743456,1.0,1.0,0.9998632342743456,1023
exclude_numeric_only,retool,bfd,256,29,0,0,0.0,0.0,0.0,0,2000,0.0,0,0,0,3380027,0.0,0.0,0.0,0.0,0.0,0.11933074099728802,0.0,2000
exclude_numeric_only,retool,bfd,512,29,0,0,0.0,0.0,0.0,0,2000,0.0,0,0,273945,3380027,0.0,0.0,0.0,0.08104816914184414,0.972,0.23866148199457604,0.08104816914184414,2000
exclude_numeric_only,retool,bfd,1024,29,5,0,0.0,0.0,0.0,0,2000,0.0,0,0,1230440,3380027,0.0,0.0,0.1724137931034483,0.3640325950058979,0.998,0.4731191191153863,0.3640325950058979,2000
exclude_numeric_only,retool,bfd,2048,29,25,0,0.0,0.0,0.0,0,2000,0.0,0,0,2392261,3380027,0.0,0.0,0.8620689655172413,0.7077638728921396,1.0,0.7615433846486596,0.7077638728921396,1835
exclude_numeric_only,retool,bfd,4096,29,28,0,0.0,0.0,0.0,0,2000,0.0,0,0,3065889,3380027,0.0,0.0,0.9655172413793104,0.907060505729688,1.0,0.9252052628585865,0.907060505729688,996
exclude_numeric_only,retool,bfd,8192,29,29,0,0.0,0.0,0.0,0,2000,0.0,0,0,3331535,3380027,0.0,0.0,1.0,0.9856533690411349,1.0,0.9885020635827749,0.9856533690411349,527
exclude_numeric_only,retool,bfd_split,256,29,25,5,0.2,0.04,0.35298861480075877,4,2000,0.002,39,39,3366992,3380027,1.1583039104340016e-05,1.1538369368055344e-05,0.8620689655172413,0.9961435219304461,1.0,1.0,0.9961435219304461,16780
exclude_numeric_only,retool,bfd_split,512,29,28,2,0.07142857142857142,0.0,0.16129032258064516,2,2000,0.001,19,19,3373024,3380027,5.632927604428548e-06,5.621256871616706e-06,0.9655172413793104,0.9979281230593721,1.0,1.0,0.9979281230593721,8396
exclude_numeric_only,retool,bfd_split,1024,29,28,1,0.03571428571428571,0.0,0.09375,1,2000,0.0005,10,10,3376979,3380027,2.96122658743214e-06,2.958556248219319e-06,0.9655172413793104,0.9990982320555427,1.0,1.0,0.9990982320555427,4197
exclude_numeric_only,retool,bfd_split,2048,29,29,1,0.034482758620689655,0.0,0.08823529411764706,1,2000,0.0005,10,10,3379112,3380027,2.9593573696284703e-06,2.958556248219319e-06,1.0,0.999729292103288,1.0,1.0,0.999729292103288,2294
exclude_numeric_only,retool,bfd_split,4096,29,29,0,0.0,0.0,0.0,0,2000,0.0,0,0,3379845,3380027,0.0,0.0,1.0,0.9999461542762824,1.0,1.0,0.9999461542762824,1072
exclude_numeric_only,retool,bfd_split,8192,29,29,0,0.0,0.0,0.0,0,2000,0.0,0,0,3380005,3380027,0.0,0.0,1.0,0.9999934911762539,1.0,1.0,0.9999934911762539,533
exclude_numeric_only,retool,drop_overlength,256,29,0,0,0.0,0.0,0.0,0,2000,0.0,0,0,0,3380027,0.0,0.0,0.0,0.0,0.0,0.0,0.0,0
exclude_numeric_only,retool,drop_overlength,512,29,0,0,0.0,0.0,0.0,0,2000,0.0,0,0,0,3380027,0.0,0.0,0.0,0.0,0.0,0.0,0.0,0
exclude_numeric_only,retool,drop_overlength,1024,29,2,0,0.0,0.0,0.0,0,2000,0.0,0,0,93536,3380027,0.0,0.0,0.06896551724137931,0.02767315172334422,0.09,0.0387552218852579,0.02767315172334422,180
exclude_numeric_only,retool,drop_overlength,2048,29,18,0,0.0,0.0,0.0,0,2000,0.0,0,0,1248173,3380027,0.0,0.0,0.6206896551724138,0.3692790028008652,0.648,0.4255080180002965,0.3692790028008652,1296
exclude_numeric_only,retool,drop_overlength,4096,29,28,0,0.0,0.0,0.0,0,2000,0.0,0,0,2485361,3380027,0.0,0.0,0.9655172413793104,0.7353080315630615,0.921,0.7743712062380145,0.7353080315630615,1842
exclude_numeric_only,retool,drop_overlength,8192,29,29,0,0.0,0.0,0.0,0,2000,0.0,0,0,3160443,3380027,0.0,0.0,1.0,0.935034838479101,0.989,0.9464976427517297,0.935034838479101,1978
exclude_numeric_only,retool,keep_end,256,29,14,1,0.07142857142857142,0.0,0.2222222222222222,1,2000,0.0005,3,3,444790,3380027,6.7447559522471275e-06,8.875668744657957e-07,0.4827586206896552,0.13159362336454708,1.0,0.11933074099728802,0.13159362336454708,2000
exclude_numeric_only,retool,keep_end,512,29,17,2,0.11764705882352941,0.0,0.2728535353535346,2,2000,0.001,37,37,916026,3380027,4.0391866606406366e-05,1.094665811841148e-05,0.5862068965517241,0.271011444583135,1.0,0.23866148199457604,0.271011444583135,2000
exclude_numeric_only,retool,keep_end,1024,29,25,1,0.04,0.0,0.13043478260869565,1,2000,0.0005,10,10,1736916,3380027,5.757330809319507e-06,2.958556248219319e-06,0.8620689655172413,0.5138763684432106,1.0,0.4731191191153863,0.5138763684432106,2000
exclude_numeric_only,retool,keep_end,2048,29,28,0,0.0,0.0,0.0,0,2000,0.0,0,0,2590762,3380027,0.0,0.0,0.9655172413793104,0.7664915102749179,1.0,0.7615433846486596,0.7664915102749179,2000
exclude_numeric_only,retool,keep_end,4096,29,29,0,0.0,0.0,0.0,0,2000,0.0,0,0,3117042,3380027,0.0,0.0,1.0,0.9221944085062043,1.0,0.9252052628585865,0.9221944085062043,2000
exclude_numeric_only,retool,keep_end,8192,29,29,0,0.0,0.0,0.0,0,2000,0.0,0,0,3338381,3380027,0.0,0.0,1.0,0.9876787966486659,1.0,0.9885020635827749,0.9876787966486659,2000
exclude_numeric_only,retool,keep_start,256,29,0,0,0.0,0.0,0.0,0,2000,0.0,0,0,0,3380027,0.0,0.0,0.0,0.0,0.0,0.0,0.0,0
exclude_numeric_only,retool,keep_start,512,29,0,0,0.0,0.0,0.0,0,2000,0.0,0,0,273945,3380027,0.0,0.0,0.0,0.08104816914184414,0.972,0.2319789604987279,0.08104816914184414,1944
exclude_numeric_only,retool,keep_start,1024,29,5,0,0.0,0.0,0.0,0,2000,0.0,0,0,1230440,3380027,0.0,0.0,0.1724137931034483,0.3640325950058979,0.998,0.472164473187408,0.3640325950058979,1996
exclude_numeric_only,retool,keep_start,2048,29,25,0,0.0,0.0,0.0,0,2000,0.0,0,0,2392261,3380027,0.0,0.0,0.8620689655172413,0.7077638728921396,1.0,0.7615433846486596,0.7077638728921396,2000
exclude_numeric_only,retool,keep_start,4096,29,28,0,0.0,0.0,0.0,0,2000,0.0,0,0,3065889,3380027,0.0,0.0,0.9655172413793104,0.907060505729688,1.0,0.9252052628585865,0.907060505729688,2000
exclude_numeric_only,retool,keep_start,8192,29,29,0,0.0,0.0,0.0,0,2000,0.0,0,0,3331535,3380027,0.0,0.0,1.0,0.9856533690411349,1.0,0.9885020635827749,0.9856533690411349,2000
exclude_numeric_only,retool,wrapped,256,29,22,7,0.3181818181818182,0.13312500000000002,0.4783043478260867,6,2000,0.003,74,148,3362765,3380027,4.401140133193964e-05,2.189331623682296e-05,0.7586206896551724,0.9948929402043238,0.5055,0.5024623618723366,0.4998593206503972,16761
exclude_numeric_only,retool,wrapped,512,29,22,4,0.18181818181818182,0.045454545454545456,0.34782608695652173,4,2000,0.002,27,54,3369345,3380027,1.602685388406352e-05,7.988101870192161e-06,0.7586206896551724,0.9968396702156521,0.5055,0.5024623618723366,0.5008371234904336,8381
exclude_numeric_only,retool,wrapped,1024,29,22,2,0.09090909090909091,0.0,0.2,2,2000,0.001,20,40,3372638,3380027,1.18601522013332e-05,5.917112496438638e-06,0.7586206896551724,0.9978139227881907,0.5055,0.5024623618723366,0.501326764549514,4191
exclude_numeric_only,retool,wrapped,2048,29,22,1,0.045454545454545456,0.0,0.11764705882352941,1,2000,0.0005,10,20,3374250,3380027,5.927243091057272e-06,2.958556248219319e-06,0.7586206896551724,0.9982908420554037,0.5055,0.5024623618723366,0.5015661117499949,2096
exclude_numeric_only,retool,wrapped,4096,29,22,0,0.0,0.0,0.0,0,2000,0.0,0,0,3375060,3380027,0.0,0.0,0.7586206896551724,0.9985304851115094,0.5055,0.5024623618723366,0.5016865249892974,1049
exclude_numeric_only,retool,wrapped,8192,29,22,0,0.0,0.0,0.0,0,2000,0.0,0,0,3375479,3380027,0.0,0.0,0.7586206896551724,0.9986544486183099,0.5055,0.5024623618723366,0.50174865467051,525
exclude_numeric_only,retool,wrapped_single_batch,256,29,28,7,0.25,0.08695652173913043,0.38714157706093166,6,2000,0.003,74,74,3366887,3380027,2.1978759607910808e-05,2.189331623682296e-05,0.9655172413793104,0.9961124570898399,1.0,1.0,0.9961124570898399,16761
exclude_numeric_only,retool,wrapped_single_batch,512,29,29,4,0.13793103448275862,0.034482758620689655,0.25,4,2000,0.002,27,27,3373461,3380027,8.003649664246896e-06,7.988101870192161e-06,1.0,0.9980574119674192,1.0,1.0,0.9980574119674192,8381
exclude_numeric_only,retool,wrapped_single_batch,1024,29,29,2,0.06896551724137931,0.0,0.15625,2,2000,0.001,20,20,3376762,3380027,5.922833767970618e-06,5.917112496438638e-06,1.0,0.9990340313849564,1.0,1.0,0.9990340313849564,4191
exclude_numeric_only,retool,wrapped_single_batch,2048,29,29,1,0.034482758620689655,0.0,0.08823529411764706,1,2000,0.0005,10,10,3378386,3380027,2.959993322255065e-06,2.958556248219319e-06,1.0,0.9995145009196672,1.0,1.0,0.9995145009196672,2096
exclude_numeric_only,retool,wrapped_single_batch,4096,29,29,0,0.0,0.0,0.0,0,2000,0.0,0,0,3379199,3380027,0.0,0.0,1.0,0.9997550315426474,1.0,1.0,0.9997550315426474,1048
exclude_numeric_only,retool,wrapped_single_batch,8192,29,29,0,0.0,0.0,0.0,0,2000,0.0,0,0,3379622,3380027,0.0,0.0,1.0,0.9998801784719471,1.0,1.0,0.9998801784719471,524
exclude_numeric_only,toolace,bfd,256,778,0,0,0.0,0.0,0.0,0,11300,0.0,0,0,10988,935907,0.0,0.0,0.0,0.011740482761641914,0.035663716814159294,0.34412623618917293,0.011740482761641914,11300
exclude_numeric_only,toolace,bfd,512,778,9,0,0.0,0.0,0.0,0,11300,0.0,0,0,161267,935907,0.0,0.0,0.011568123393316195,0.17231092405548842,0.37849557522123894,0.64167747874149,0.17231092405548842,11076
exclude_numeric_only,toolace,bfd,1024,778,427,0,0.0,0.0,0.0,0,11300,0.0,0,0,618299,935907,0.0,0.0,0.5488431876606684,0.6606414953622529,0.903362831858407,0.9190124782063057,0.6606414953622529,8099
exclude_numeric_only,toolace,bfd,2048,778,750,0,0.0,0.0,0.0,0,11300,0.0,0,0,904499,935907,0.0,0.0,0.9640102827763496,0.9664411100675602,0.998141592920354,0.9941374350842948,0.9664411100675602,4154
exclude_numeric_only,toolace,bfd,4096,778,778,0,0.0,0.0,0.0,0,11300,0.0,0,0,934354,935907,0.0,0.0,1.0,0.9983406470942091,1.0,0.9998054960143985,0.9983406470942091,2065
exclude_numeric_only,toolace,bfd,8192,778,778,0,0.0,0.0,0.0,0,11300,0.0,0,0,935907,935907,0.0,0.0,1.0,1.0,1.0,1.0,1.0,1034
exclude_numeric_only,toolace,bfd_split,256,778,765,474,0.6196078431372549,0.5840801026957638,0.6540534383483478,389,11300,0.034424778761061946,21823,21823,932287,935907,0.023408027785435173,0.023317487741837596,0.9832904884318766,0.9961320943213375,1.0,1.0,0.9961320943213375,32799
exclude_numeric_only,toolace,bfd_split,512,778,773,297,0.38421733505821476,0.3509183227666301,0.4192729334677419,259,11300,0.022920353982300884,15120,15120,933988,935907,0.01618864482198915,0.016155451342921893,0.993573264781491,0.9979495825974162,1.0,1.0,0.9979495825974162,16618
exclude_numeric_only,toolace,bfd_split,1024,778,775,208,0.26838709677419353,0.23883731850032508,0.29961893565103137,195,11300,0.017256637168141593,10887,10887,935165,935907,0.011641795832820946,0.011632566056242768,0.9961439588688946,0.9992071861840973,1.0,1.0,0.9992071861840973,8569
exclude_numeric_only,toolace,bfd_split,2048,778,778,38,0.04884318766066838,0.03372243839169909,0.06484033422936165,36,11300,0.003185840707964602,2993,2993,935838,935907,0.0031982031078028462,0.003197967319402462,1.0,0.9999262747260145,1.0,1.0,0.9999262747260145,4168
exclude_numeric_only,toolace,bfd_split,4096,778,778,2,0.002570694087403599,0.0,0.0064516129032258064,2,11300,0.00017699115044247788,116,116,935904,935907,0.00012394433617123122,0.00012394393887426848,1.0,0.9999967945533049,1.0,1.0,0.9999967945533049,2065
exclude_numeric_only,toolace,bfd_split,8192,778,778,0,0.0,0.0,0.0,0,11300,0.0,0,0,935907,935907,0.0,0.0,1.0,1.0,1.0,1.0,1.0,1034
exclude_numeric_only,toolace,drop_overlength,256,778,0,0,0.0,0.0,0.0,0,11300,0.0,0,0,7893,935907,0.0,0.0,0.0,0.008433530254608631,0.02088495575221239,0.006144655358626568,0.008433530254608631,236
exclude_numeric_only,toolace,drop_overlength,512,778,1,0,0.0,0.0,0.0,0,11300,0.0,0,0,125728,935907,0.0,0.0,0.0012853470437017994,0.13433813402400024,0.2872566371681416,0.1496124657246389,0.13433813402400024,3246
exclude_numeric_only,toolace,drop_overlength,1024,778,144,0,0.0,0.0,0.0,0,11300,0.0,0,0,503886,935907,0.0,0.0,0.18508997429305912,0.5383932377896522,0.8254867256637168,0.6780509173249473,0.5383932377896522,9328
exclude_numeric_only,toolace,drop_overlength,2048,778,654,0,0.0,0.0,0.0,0,11300,0.0,0,0,850250,935907,0.0,0.0,0.8406169665809768,0.9084770174814378,0.99,0.9665221649224353,0.9084770174814378,11187
exclude_numeric_only,toolace,drop_overlength,4096,778,772,0,0.0,0.0,0.0,0,11300,0.0,0,0,930431,935907,0.0,0.0,0.9922879177377892,0.9941489912993492,0.9997345132743363,0.9983391984836804,0.9941489912993492,11297
exclude_numeric_only,toolace,drop_overlength,8192,778,778,0,0.0,0.0,0.0,0,11300,0.0,0,0,935907,935907,0.0,0.0,1.0,1.0,1.0,1.0,1.0,11300
exclude_numeric_only,toolace,keep_end,256,778,384,161,0.4192708333333333,0.37065925925925924,0.47273079633544746,161,11300,0.01424778761061947,5397,5397,724642,935907,0.0074478156110189585,0.005766598604348509,0.493573264781491,0.7742671013252385,1.0,0.34412623618917293,0.7742671013252385,11300
exclude_numeric_only,toolace,keep_end,512,778,561,164,0.29233511586452765,0.25486725663716814,0.33088268899881706,164,11300,0.014513274336283187,7468,7468,825431,935907,0.009047394633833718,0.007979425306146872,0.7210796915167095,0.8819583569735027,1.0,0.64167747874149,0.8819583569735027,11300
exclude_numeric_only,toolace,keep_end,1024,778,735,89,0.12108843537414966,0.09768495366133047,0.14459630276343757,89,11300,0.007876106194690265,4361,4361,910715,935907,0.0047885452638860675,0.00465965101233349,0.9447300771208226,0.9730827956196503,1.0,0.9190124782063057,0.9730827956196503,11300
exclude_numeric_only,toolace,keep_end,2048,778,775,11,0.014193548387096775,0.006426735218508998,0.023137737524183067,11,11300,0.0009734513274336283,1326,1326,932977,935907,0.0014212569012955303,0.0014168074392006899,0.9961439588688946,0.996869347061193,1.0,0.9941374350842948,0.996869347061193,11300
exclude_numeric_only,toolace,keep_end,4096,778,778,2,0.002570694087403599,0.0,0.0064516129032258064,2,11300,0.00017699115044247788,24,24,935876,935907,2.564442297911262e-05,2.5643573560193482e-05,1.0,0.9999668770508181,1.0,0.9998054960143985,0.9999668770508181,11300
exclude_numeric_only,toolace,keep_end,8192,778,778,0,0.0,0.0,0.0,0,11300,0.0,0,0,935907,935907,0.0,0.0,1.0,1.0,1.0,1.0,1.0,11300
exclude_numeric_only,toolace,keep_start,256,778,0,0,0.0,0.0,0.0,0,11300,0.0,0,0,10988,935907,0.0,0.0,0.0,0.011740482761641914,0.035663716814159294,0.01124614885091699,0.011740482761641914,403
exclude_numeric_only,toolace,keep_start,512,778,9,0,0.0,0.0,0.0,0,11300,0.0,0,0,161267,935907,0.0,0.0,0.011568123393316195,0.17231092405548842,0.37849557522123894,0.21260216381507516,0.17231092405548842,4277
exclude_numeric_only,toolace,keep_start,1024,778,427,0,0.0,0.0,0.0,0,11300,0.0,0,0,618299,935907,0.0,0.0,0.5488431876606684,0.6606414953622529,0.903362831858407,0.7855794029109491,0.6606414953622529,10208
exclude_numeric_only,toolace,keep_start,2048,778,750,0,0.0,0.0,0.0,0,11300,0.0,0,0,904499,935907,0.0,0.0,0.9640102827763496,0.9664411100675602,0.998141592920354,0.9890053937267811,0.9664411100675602,11279
exclude_numeric_only,toolace,keep_start,4096,778,778,0,0.0,0.0,0.0,0,11300,0.0,0,0,934354,935907,0.0,0.0,1.0,0.9983406470942091,1.0,0.9998054960143985,0.9983406470942091,11300
exclude_numeric_only,toolace,keep_start,8192,778,778,0,0.0,0.0,0.0,0,11300,0.0,0,0,935907,935907,0.0,0.0,1.0,1.0,1.0,1.0,1.0,11300
exclude_numeric_only,toolace,wrapped,256,778,772,478,0.6191709844559585,0.5860698967961064,0.6534600375370909,398,11300,0.035221238938053095,22128,204119,2767318,935907,0.07376058696543007,0.02364337482249839,0.9922879177377892,2.956830112393646,0.08849557522123894,0.15648251355472023,0.3610914332300111,32742
exclude_numeric_only,toolace,wrapped,512,778,774,308,0.3979328165374677,0.36433512224209896,0.43193955099250947,277,11300,0.024513274336283187,15383,143208,2772785,935907,0.05164771159682413,0.016436462169852346,0.9948586118251928,2.9626715047542116,0.08849557522123894,0.15648251355472023,0.3618158641830866,16375
exclude_numeric_only,toolace,wrapped,1024,778,776,183,0.23582474226804123,0.20628671464695586,0.26459242977792297,172,11300,0.015221238938053097,9505,85150,2775611,935907,0.03067793001252697,0.010155923612068293,0.9974293059125964,2.9656910355409245,0.08849557522123894,0.15648251355472023,0.36217380573069763,8191
exclude_numeric_only,toolace,wrapped,2048,778,776,94,0.1211340206185567,0.09935163784502826,0.14285714285714285,94,11300,0.00831858407079646,4195,32701,2776880,935907,0.01177616605686958,0.004482282961875485,0.9974293059125964,2.9670469394929198,0.08849557522123894,0.15648251355472023,0.36234048895883886,4100
exclude_numeric_only,toolace,wrapped,4096,778,777,48,0.06177606177606178,0.04568094746096633,0.07870967741935483,48,11300,0.004247787610619469,2260,16545,2777607,935907,0.005956566209690572,0.002414769843584886,0.9987146529562982,2.967823726075347,0.08849557522123894,0.15648251355472023,0.3624377208419213,2053
exclude_numeric_only,toolace,wrapped,8192,778,778,21,0.02699228791773779,0.016372281101975507,0.03931902023138692,21,11300,0.0018584070796460177,646,4719,2777976,935907,0.0016987187794279,0.0006902395216618745,1.0,2.968217996018835,0.08849557522123894,0.15648251355472023,0.3624783231667249,1032
exclude_numeric_only,toolace,wrapped_single_batch,256,778,772,478,0.6191709844559585,0.5860698967961064,0.6534600375370909,398,11300,0.035221238938053095,22128,22128,932232,935907,0.023736580593671962,0.02364337482249839,0.9922879177377892,0.9960733277985954,1.0,1.0,0.9960733277985954,32736
exclude_numeric_only,toolace,wrapped_single_batch,512,778,774,308,0.3979328165374677,0.36433512224209896,0.43193955099250947,277,11300,0.024513274336283187,15383,15383,934068,935907,0.016468822398369283,0.016436462169852346,0.9948586118251928,0.9980350611759502,1.0,1.0,0.9980350611759502,16368
exclude_numeric_only,toolace,wrapped_single_batch,1024,778,776,183,0.23582474226804123,0.20628671464695586,0.26459242977792297,172,11300,0.015221238938053097,9505,9505,935001,935907,0.010165764528594088,0.010155923612068293,0.9974293059125964,0.9990319550981027,1.0,1.0,0.9990319550981027,8184
exclude_numeric_only,toolace,wrapped_single_batch,2048,778,776,94,0.1211340206185567,0.09935163784502826,0.14285714285714285,94,11300,0.00831858407079646,4195,4195,935440,935907,0.004484520653382365,0.004482282961875485,0.9974293059125964,0.999501018797808,1.0,1.0,0.999501018797808,4092
exclude_numeric_only,toolace,wrapped_single_batch,4096,778,777,48,0.06177606177606178,0.04568094746096633,0.07870967741935483,48,11300,0.004247787610619469,2260,2260,935671,935907,0.0024153789098946103,0.002414769843584886,0.9987146529562982,0.9997478381933248,1.0,1.0,0.9997478381933248,2046
exclude_numeric_only,toolace,wrapped_single_batch,8192,778,778,21,0.02699228791773779,0.016372281101975507,0.03931902023138692,21,11300,0.0018584070796460177,646,646,935779,935907,0.0006903339356835321,0.0006902395216618745,1.0,0.9998632342743456,1.0,1.0,0.9998632342743456,1023
length_ge_6,retool,bfd,256,113,0,0,0.0,0.0,0.0,0,2000,0.0,0,0,0,3380027,0.0,0.0,0.0,0.0,0.0,0.11933074099728802,0.0,2000
length_ge_6,retool,bfd,512,113,0,0,0.0,0.0,0.0,0,2000,0.0,0,0,273945,3380027,0.0,0.0,0.0,0.08104816914184414,0.972,0.23866148199457604,0.08104816914184414,2000
length_ge_6,retool,bfd,1024,113,26,0,0.0,0.0,0.0,0,2000,0.0,0,0,1230440,3380027,0.0,0.0,0.23008849557522124,0.3640325950058979,0.998,0.4731191191153863,0.3640325950058979,2000
length_ge_6,retool,bfd,2048,113,85,0,0.0,0.0,0.0,0,2000,0.0,0,0,2392261,3380027,0.0,0.0,0.7522123893805309,0.7077638728921396,1.0,0.7615433846486596,0.7077638728921396,1835
length_ge_6,retool,bfd,4096,113,106,0,0.0,0.0,0.0,0,2000,0.0,0,0,3065889,3380027,0.0,0.0,0.9380530973451328,0.907060505729688,1.0,0.9252052628585865,0.907060505729688,996
length_ge_6,retool,bfd,8192,113,109,0,0.0,0.0,0.0,0,2000,0.0,0,0,3331535,3380027,0.0,0.0,0.9646017699115044,0.9856533690411349,1.0,0.9885020635827749,0.9856533690411349,527
length_ge_6,retool,bfd_split,256,113,109,30,0.27522935779816515,0.19625710097122961,0.3611111111111111,27,2000,0.0135,492,492,3366992,3380027,0.00014612449331628943,0.0001455609674123905,0.9646017699115044,0.9961435219304461,1.0,1.0,0.9961435219304461,16780
length_ge_6,retool,bfd_split,512,113,112,18,0.16071428571428573,0.09090909090909091,0.23772559783426067,16,2000,0.008,371,371,3373024,3380027,0.00010999032322331534,0.00010976243680893673,0.9911504424778761,0.9979281230593721,1.0,1.0,0.9979281230593721,8396
length_ge_6,retool,bfd_split,1024,113,112,11,0.09821428571428571,0.046718155070958806,0.1523809523809524,11,2000,0.0055,267,267,3376979,3380027,7.906474988443813e-05,7.899345182745581e-05,0.9911504424778761,0.9990982320555427,1.0,1.0,0.9990982320555427,4197
length_ge_6,retool,bfd_split,2048,113,113,4,0.035398230088495575,0.008620689655172414,0.07081226295828057,4,2000,0.002,212,212,3379112,3380027,6.273837623612358e-05,6.272139246224956e-05,1.0,0.999729292103288,1.0,1.0,0.999729292103288,2294
length_ge_6,retool,bfd_split,4096,113,113,2,0.017699115044247787,0.0,0.04424778761061947,2,2000,0.001,104,104,3379845,3380027,3.077064184896053e-05,3.0768984981480914e-05,1.0,0.9999461542762824,1.0,1.0,0.9999461542762824,1072
length_ge_6,retool,bfd_split,8192,113,113,1,0.008849557522123894,0.0,0.02830188679245283,1,2000,0.0005,18,18,3380005,3380027,5.3254359091184775e-06,5.325401246794774e-06,1.0,0.9999934911762539,1.0,1.0,0.9999934911762539,533
length_ge_6,retool,drop_overlength,256,113,0,0,0.0,0.0,0.0,0,2000,0.0,0,0,0,3380027,0.0,0.0,0.0,0.0,0.0,0.0,0.0,0
length_ge_6,retool,drop_overlength,512,113,0,0,0.0,0.0,0.0,0,2000,0.0,0,0,0,3380027,0.0,0.0,0.0,0.0,0.0,0.0,0.0,0
length_ge_6,retool,drop_overlength,1024,113,5,0,0.0,0.0,0.0,0,2000,0.0,0,0,93536,3380027,0.0,0.0,0.04424778761061947,0.02767315172334422,0.09,0.0387552218852579,0.02767315172334422,180
length_ge_6,retool,drop_overlength,2048,113,70,0,0.0,0.0,0.0,0,2000,0.0,0,0,1248173,3380027,0.0,0.0,0.6194690265486725,0.3692790028008652,0.648,0.4255080180002965,0.3692790028008652,1296
length_ge_6,retool,drop_overlength,4096,113,104,0,0.0,0.0,0.0,0,2000,0.0,0,0,2485361,3380027,0.0,0.0,0.9203539823008849,0.7353080315630615,0.921,0.7743712062380145,0.7353080315630615,1842
length_ge_6,retool,drop_overlength,8192,113,107,0,0.0,0.0,0.0,0,2000,0.0,0,0,3160443,3380027,0.0,0.0,0.9469026548672567,0.935034838479101,0.989,0.9464976427517297,0.935034838479101,1978
length_ge_6,retool,keep_end,256,113,63,10,0.15873015873015872,0.07352941176470588,0.2500992063492058,10,2000,0.005,105,105,444790,3380027,0.00023606645832864947,3.106484060630285e-05,0.5575221238938053,0.13159362336454708,1.0,0.11933074099728802,0.13159362336454708,2000
length_ge_6,retool,keep_end,512,113,82,10,0.12195121951219512,0.057463054187192115,0.19718309859154928,10,2000,0.005,128,128,916026,3380027,0.00013973402501675717,3.786951997720728e-05,0.7256637168141593,0.271011444583135,1.0,0.23866148199457604,0.271011444583135,2000
length_ge_6,retool,keep_end,1024,113,98,4,0.04081632653061224,0.009523809523809525,0.0851063829787234,4,2000,0.002,97,97,1736916,3380027,5.5846108850399214e-05,2.8697995607727395e-05,0.8672566371681416,0.5138763684432106,1.0,0.4731191191153863,0.5138763684432106,2000
length_ge_6,retool,keep_end,2048,113,108,1,0.009259259259259259,0.0,0.028846153846153848,1,2000,0.0005,34,34,2590762,3380027,1.3123552066920852e-05,1.0059091243945684e-05,0.9557522123893806,0.7664915102749179,1.0,0.7615433846486596,0.7664915102749179,2000
length_ge_6,retool,keep_end,4096,113,111,1,0.009009009009009009,0.0,0.027777777777777776,1,2000,0.0005,86,86,3117042,3380027,2.7590260253150263e-05,2.5443583734686144e-05,0.9823008849557522,0.9221944085062043,1.0,0.9252052628585865,0.9221944085062043,2000
length_ge_6,retool,keep_end,8192,113,113,0,0.0,0.0,0.0,0,2000,0.0,0,0,3338381,3380027,0.0,0.0,1.0,0.9876787966486659,1.0,0.9885020635827749,0.9876787966486659,2000
length_ge_6,retool,keep_start,256,113,0,0,0.0,0.0,0.0,0,2000,0.0,0,0,0,3380027,0.0,0.0,0.0,0.0,0.0,0.0,0.0,0
length_ge_6,retool,keep_start,512,113,0,0,0.0,0.0,0.0,0,2000,0.0,0,0,273945,3380027,0.0,0.0,0.0,0.08104816914184414,0.972,0.2319789604987279,0.08104816914184414,1944
length_ge_6,retool,keep_start,1024,113,26,0,0.0,0.0,0.0,0,2000,0.0,0,0,1230440,3380027,0.0,0.0,0.23008849557522124,0.3640325950058979,0.998,0.472164473187408,0.3640325950058979,1996
length_ge_6,retool,keep_start,2048,113,85,0,0.0,0.0,0.0,0,2000,0.0,0,0,2392261,3380027,0.0,0.0,0.7522123893805309,0.7077638728921396,1.0,0.7615433846486596,0.7077638728921396,2000
length_ge_6,retool,keep_start,4096,113,106,0,0.0,0.0,0.0,0,2000,0.0,0,0,3065889,3380027,0.0,0.0,0.9380530973451328,0.907060505729688,1.0,0.9252052628585865,0.907060505729688,2000
length_ge_6,retool,keep_start,8192,113,109,0,0.0,0.0,0.0,0,2000,0.0,0,0,3331535,3380027,0.0,0.0,0.9646017699115044,0.9856533690411349,1.0,0.9885020635827749,0.9856533690411349,2000
length_ge_6,retool,wrapped,256,113,61,17,0.2786885245901639,0.17182340801886792,0.38158492822966505,16,2000,0.008,280,560,3362765,3380027,0.00016652962666139322,8.283957495014093e-05,0.5398230088495575,0.9948929402043238,0.5055,0.5024623618723366,0.4998593206503972,16761
length_ge_6,retool,wrapped,512,113,61,14,0.22950819672131148,0.1289810547875064,0.3333333333333333,14,2000,0.007,249,498,3369345,3380027,0.00014780320804191912,7.366805058066104e-05,0.5398230088495575,0.9968396702156521,0.5055,0.5024623618723366,0.5008371234904336,8381
length_ge_6,retool,wrapped,1024,113,61,8,0.13114754098360656,0.05260889292196007,0.21311475409836064,8,2000,0.004,180,360,3372638,3380027,0.0001067413698119988,5.3254012467947744e-05,0.5398230088495575,0.9978139227881907,0.5055,0.5024623618723366,0.501326764549514,4191
length_ge_6,retool,wrapped,2048,113,61,6,0.09836065573770492,0.03333333333333333,0.17143973214285707,6,2000,0.003,164,328,3374250,3380027,9.720678669333926e-05,4.852032247079683e-05,0.5398230088495575,0.9982908420554037,0.5055,0.5024623618723366,0.5015661117499949,2096
length_ge_6,retool,wrapped,4096,113,61,2,0.03278688524590164,0.0,0.07936507936507936,2,2000,0.001,118,236,3375060,3380027,6.992468282045356e-05,3.4910963728987966e-05,0.5398230088495575,0.9985304851115094,0.5055,0.5024623618723366,0.5016865249892974,1049
length_ge_6,retool,wrapped,8192,113,61,0,0.0,0.0,0.0,0,2000,0.0,0,0,3375479,3380027,0.0,0.0,0.5398230088495575,0.9986544486183099,0.5055,0.5024623618723366,0.50174865467051,525
length_ge_6,retool,wrapped_single_batch,256,113,111,36,0.32432432432432434,0.2407222222222222,0.4112286970863111,33,2000,0.0165,600,600,3366887,3380027,0.0001782061589830606,0.00017751337489315913,0.9823008849557522,0.9961124570898399,1.0,1.0,0.9961124570898399,16761
length_ge_6,retool,wrapped_single_batch,512,113,112,23,0.20535714285714285,0.13157894736842105,0.28207964601769897,22,2000,0.011,483,483,3373461,3380027,0.0001431763995493056,0.0001428982667889931,0.9911504424778761,0.9980574119674192,1.0,1.0,0.9980574119674192,8381
length_ge_6,retool,wrapped_single_batch,1024,113,113,13,0.11504424778761062,0.05504587155963303,0.17800412863972165,12,2000,0.006,348,348,3376762,3380027,0.00010305730756268875,0.0001029577574380323,1.0,0.9990340313849564,1.0,1.0,0.9990340313849564,4191
length_ge_6,retool,wrapped_single_batch,2048,113,113,9,0.07964601769911504,0.03508771929824561,0.1322314049586777,9,2000,0.0045,255,255,3378386,3380027,7.547982971750416e-05,7.544318432959263e-05,1.0,0.9995145009196672,1.0,1.0,0.9995145009196672,2096
length_ge_6,retool,wrapped_single_batch,4096,113,113,4,0.035398230088495575,0.008403361344537815,0.07273835920177377,4,2000,0.002,197,197,3379199,3380027,5.82978392216617e-05,5.828355808992058e-05,1.0,0.9997550315426474,1.0,1.0,0.9997550315426474,1048
length_ge_6,retool,wrapped_single_batch,8192,113,113,1,0.008849557522123894,0.0,0.02831549346879528,1,2000,0.0005,19,19,3379622,3380027,5.6219304999198135e-06,5.621256871616706e-06,1.0,0.9998801784719471,1.0,1.0,0.9998801784719471,524
length_ge_6,toolace,bfd,256,774,0,0,0.0,0.0,0.0,0,11300,0.0,0,0,10988,935907,0.0,0.0,0.0,0.011740482761641914,0.035663716814159294,0.34412623618917293,0.011740482761641914,11300
length_ge_6,toolace,bfd,512,774,8,0,0.0,0.0,0.0,0,11300,0.0,0,0,161267,935907,0.0,0.0,0.0103359173126615,0.17231092405548842,0.37849557522123894,0.64167747874149,0.17231092405548842,11076
length_ge_6,toolace,bfd,1024,774,418,0,0.0,0.0,0.0,0,11300,0.0,0,0,618299,935907,0.0,0.0,0.5400516795865633,0.6606414953622529,0.903362831858407,0.9190124782063057,0.6606414953622529,8099
length_ge_6,toolace,bfd,2048,774,743,0,0.0,0.0,0.0,0,11300,0.0,0,0,904499,935907,0.0,0.0,0.9599483204134367,0.9664411100675602,0.998141592920354,0.9941374350842948,0.9664411100675602,4154
length_ge_6,toolace,bfd,4096,774,774,0,0.0,0.0,0.0,0,11300,0.0,0,0,934354,935907,0.0,0.0,1.0,0.9983406470942091,1.0,0.9998054960143985,0.9983406470942091,2065
length_ge_6,toolace,bfd,8192,774,774,0,0.0,0.0,0.0,0,11300,0.0,0,0,935907,935907,0.0,0.0,1.0,1.0,1.0,1.0,1.0,1034
length_ge_6,toolace,bfd_split,256,774,761,478,0.6281208935611038,0.5927878598793169,0.6614785992217899,388,11300,0.034336283185840706,22718,22718,932287,935907,0.024368032590822354,0.02427377933918648,0.9832041343669251,0.9961320943213375,1.0,1.0,0.9961320943213375,32799
length_ge_6,toolace,bfd_split,512,774,769,304,0.3953185955786736,0.3580660478784404,0.42951249200724667,264,11300,0.02336283185840708,15817,15817,933988,935907,0.016934907086600684,0.01690018345839918,0.9935400516795866,0.9979495825974162,1.0,1.0,0.9979495825974162,16618
length_ge_6,toolace,bfd_split,1024,774,771,214,0.2775616083009079,0.24613146375388645,0.3084038201279527,200,11300,0.017699115044247787,11360,11360,935165,935907,0.012147588928157062,0.012137958151824915,0.9961240310077519,0.9992071861840973,1.0,1.0,0.9992071861840973,8569
length_ge_6,toolace,bfd_split,2048,774,774,40,0.05167958656330749,0.03580448337922542,0.06865507583852475,37,11300,0.0032743362831858407,3184,3184,935838,935907,0.0034022982610238096,0.003402047425652335,1.0,0.9999262747260145,1.0,1.0,0.9999262747260145,4168
length_ge_6,toolace,bfd_split,4096,774,774,3,0.003875968992248062,0.0,0.008928571428571428,3,11300,0.00026548672566371683,102,102,935904,935907,0.0001089855369781516,0.0001089851876308223,1.0,0.9999967945533049,1.0,1.0,0.9999967945533049,2065
length_ge_6,toolace,bfd_split,8192,774,774,0,0.0,0.0,0.0,0,11300,0.0,0,0,935907,935907,0.0,0.0,1.0,1.0,1.0,1.0,1.0,1034
length_ge_6,toolace,drop_overlength,256,774,0,0,0.0,0.0,0.0,0,11300,0.0,0,0,7893,935907,0.0,0.0,0.0,0.008433530254608631,0.02088495575221239,0.006144655358626568,0.008433530254608631,236
length_ge_6,toolace,drop_overlength,512,774,1,0,0.0,0.0,0.0,0,11300,0.0,0,0,125728,935907,0.0,0.0,0.0012919896640826874,0.13433813402400024,0.2872566371681416,0.1496124657246389,0.13433813402400024,3246
length_ge_6,toolace,drop_overlength,1024,774,135,0,0.0,0.0,0.0,0,11300,0.0,0,0,503886,935907,0.0,0.0,0.1744186046511628,0.5383932377896522,0.8254867256637168,0.6780509173249473,0.5383932377896522,9328
length_ge_6,toolace,drop_overlength,2048,774,645,0,0.0,0.0,0.0,0,11300,0.0,0,0,850250,935907,0.0,0.0,0.8333333333333334,0.9084770174814378,0.99,0.9665221649224353,0.9084770174814378,11187
length_ge_6,toolace,drop_overlength,4096,774,767,0,0.0,0.0,0.0,0,11300,0.0,0,0,930431,935907,0.0,0.0,0.9909560723514211,0.9941489912993492,0.9997345132743363,0.9983391984836804,0.9941489912993492,11297
length_ge_6,toolace,drop_overlength,8192,774,774,0,0.0,0.0,0.0,0,11300,0.0,0,0,935907,935907,0.0,0.0,1.0,1.0,1.0,1.0,1.0,11300
length_ge_6,toolace,keep_end,256,774,372,161,0.4327956989247312,0.38186813186813184,0.48529839261285906,161,11300,0.01424778761061947,5469,5469,724642,935907,0.0075471750188368875,0.00584352932502909,0.4806201550387597,0.7742671013252385,1.0,0.34412623618917293,0.7742671013252385,11300
length_ge_6,toolace,keep_end,512,774,551,169,0.30671506352087113,0.26908210071464184,0.3459476596161379,169,11300,0.014955752212389381,7598,7598,825431,935907,0.009204888112997937,0.008118327996264586,0.7118863049095607,0.8819583569735027,1.0,0.64167747874149,0.8819583569735027,11300
length_ge_6,toolace,keep_end,1024,774,728,94,0.12912087912087913,0.10482594417077176,0.15302013422818792,94,11300,0.00831858407079646,5042,5042,910715,935907,0.005536309383286758,0.00538728741210398,0.9405684754521964,0.9730827956196503,1.0,0.9190124782063057,0.9730827956196503,11300
length_ge_6,toolace,keep_end,2048,774,772,11,0.014248704663212436,0.006459948320413436,0.02304811385797301,11,11300,0.0009734513274336283,1277,1277,932977,935907,0.0013687368498901903,0.001364451809848628,0.9974160206718347,0.996869347061193,1.0,0.9941374350842948,0.996869347061193,11300
length_ge_6,toolace,keep_end,4096,774,774,2,0.002583979328165375,0.0,0.006493717595798219,2,11300,0.00017699115044247788,23,23,935876,935907,2.4575905354982926e-05,2.4575091328518754e-05,1.0,0.9999668770508181,1.0,0.9998054960143985,0.9999668770508181,11300
length_ge_6,toolace,keep_end,8192,774,774,0,0.0,0.0,0.0,0,11300,0.0,0,0,935907,935907,0.0,0.0,1.0,1.0,1.0,1.0,1.0,11300
length_ge_6,toolace,keep_start,256,774,0,0,0.0,0.0,0.0,0,11300,0.0,0,0,10988,935907,0.0,0.0,0.0,0.011740482761641914,0.035663716814159294,0.01124614885091699,0.011740482761641914,403
length_ge_6,toolace,keep_start,512,774,8,0,0.0,0.0,0.0,0,11300,0.0,0,0,161267,935907,0.0,0.0,0.0103359173126615,0.17231092405548842,0.37849557522123894,0.21260216381507516,0.17231092405548842,4277
length_ge_6,toolace,keep_start,1024,774,418,0,0.0,0.0,0.0,0,11300,0.0,0,0,618299,935907,0.0,0.0,0.5400516795865633,0.6606414953622529,0.903362831858407,0.7855794029109491,0.6606414953622529,10208
length_ge_6,toolace,keep_start,2048,774,743,0,0.0,0.0,0.0,0,11300,0.0,0,0,904499,935907,0.0,0.0,0.9599483204134367,0.9664411100675602,0.998141592920354,0.9890053937267811,0.9664411100675602,11279
length_ge_6,toolace,keep_start,4096,774,774,0,0.0,0.0,0.0,0,11300,0.0,0,0,934354,935907,0.0,0.0,1.0,0.9983406470942091,1.0,0.9998054960143985,0.9983406470942091,11300
length_ge_6,toolace,keep_start,8192,774,774,0,0.0,0.0,0.0,0,11300,0.0,0,0,935907,935907,0.0,0.0,1.0,1.0,1.0,1.0,1.0,11300
length_ge_6,toolace,wrapped,256,774,768,484,0.6302083333333334,0.5963239791329376,0.6615455746367238,399,11300,0.035309734513274335,23045,210498,2767318,935907,0.07606570694079973,0.024623173028944116,0.9922480620155039,2.956830112393646,0.08849557522123894,0.15648251355472023,0.3610914332300111,32742
length_ge_6,toolace,wrapped,512,774,770,311,0.4038961038961039,0.3703679559611763,0.43613250815989146,278,11300,0.024601769911504423,16181,148603,2772785,935907,0.053593408792964474,0.01728911099072878,0.9948320413436692,2.9626715047542116,0.08849557522123894,0.15648251355472023,0.3618158641830866,16375
length_ge_6,toolace,wrapped,1024,774,772,185,0.23963730569948186,0.2105908952728378,0.26860118420498125,171,11300,0.015132743362831859,9860,87812,2775611,935907,0.03163699812401666,0.010535234804312822,0.9974160206718347,2.9656910355409245,0.08849557522123894,0.15648251355472023,0.36217380573069763,8191
length_ge_6,toolace,wrapped,2048,774,772,96,0.12435233160621761,0.10243101414499883,0.14621487321850588,95,11300,0.008407079646017699,4486,34916,2776880,935907,0.01257382385987151,0.004793211291292831,0.9974160206718347,2.9670469394929198,0.08849557522123894,0.15648251355472023,0.36234048895883886,4100
length_ge_6,toolace,wrapped,4096,774,773,50,0.0646830530401035,0.04859335038363171,0.08160621761658031,50,11300,0.004424778761061947,2422,18369,2777607,935907,0.006613246582399886,0.002587863965116192,0.9987080103359173,2.967823726075347,0.08849557522123894,0.15648251355472023,0.3624377208419213,2053
length_ge_6,toolace,wrapped,8192,774,774,23,0.029715762273901807,0.018276762402088774,0.042092172395273894,23,11300,0.0020353982300884955,755,5898,2777976,935907,0.0021231284935507,0.0008067040849144199,1.0,2.968217996018835,0.08849557522123894,0.15648251355472023,0.3624783231667249,1032
length_ge_6,toolace,wrapped_single_batch,256,774,768,484,0.6302083333333334,0.5963239791329376,0.6615455746367238,399,11300,0.035309734513274335,23045,23045,932232,935907,0.024720241313321147,0.024623173028944116,0.9922480620155039,0.9960733277985954,1.0,1.0,0.9960733277985954,32736
length_ge_6,toolace,wrapped_single_batch,512,774,770,311,0.4038961038961039,0.3703679559611763,0.43613250815989146,278,11300,0.024601769911504423,16181,16181,934068,935907,0.01732314992056253,0.01728911099072878,0.9948320413436692,0.9980350611759502,1.0,1.0,0.9980350611759502,16368
length_ge_6,toolace,wrapped_single_batch,1024,774,772,185,0.23963730569948186,0.2105908952728378,0.26860118420498125,171,11300,0.015132743362831859,9860,9860,935001,935907,0.010545443266905596,0.010535234804312822,0.9974160206718347,0.9990319550981027,1.0,1.0,0.9990319550981027,8184
length_ge_6,toolace,wrapped_single_batch,2048,774,772,96,0.12435233160621761,0.10243101414499883,0.14621487321850588,95,11300,0.008407079646017699,4486,4486,935440,935907,0.0047956042076456,0.004793211291292831,0.9974160206718347,0.999501018797808,1.0,1.0,0.999501018797808,4092
length_ge_6,toolace,wrapped_single_batch,4096,774,773,50,0.0646830530401035,0.04859335038363171,0.08160621761658031,50,11300,0.004424778761061947,2422,2422,935671,935907,0.0025885166901613924,0.002587863965116192,0.9987080103359173,0.9997478381933248,1.0,1.0,0.9997478381933248,2046
length_ge_6,toolace,wrapped_single_batch,8192,774,774,23,0.029715762273901807,0.018276762402088774,0.042092172395273894,23,11300,0.0020353982300884955,755,755,935779,935907,0.0008068144294753355,0.0008067040849144199,1.0,0.9998632342743456,1.0,1.0,0.9998632342743456,1023
length_ge_10,retool,bfd,256,33,0,0,0.0,0.0,0.0,0,2000,0.0,0,0,0,3380027,0.0,0.0,0.0,0.0,0.0,0.11933074099728802,0.0,2000
length_ge_10,retool,bfd,512,33,0,0,0.0,0.0,0.0,0,2000,0.0,0,0,273945,3380027,0.0,0.0,0.0,0.08104816914184414,0.972,0.23866148199457604,0.08104816914184414,2000
length_ge_10,retool,bfd,1024,33,4,0,0.0,0.0,0.0,0,2000,0.0,0,0,1230440,3380027,0.0,0.0,0.12121212121212122,0.3640325950058979,0.998,0.4731191191153863,0.3640325950058979,2000
length_ge_10,retool,bfd,2048,33,26,0,0.0,0.0,0.0,0,2000,0.0,0,0,2392261,3380027,0.0,0.0,0.7878787878787878,0.7077638728921396,1.0,0.7615433846486596,0.7077638728921396,1835
length_ge_10,retool,bfd,4096,33,32,0,0.0,0.0,0.0,0,2000,0.0,0,0,3065889,3380027,0.0,0.0,0.9696969696969697,0.907060505729688,1.0,0.9252052628585865,0.907060505729688,996
length_ge_10,retool,bfd,8192,33,33,0,0.0,0.0,0.0,0,2000,0.0,0,0,3331535,3380027,0.0,0.0,1.0,0.9856533690411349,1.0,0.9885020635827749,0.9856533690411349,527
length_ge_10,retool,bfd_split,256,33,30,6,0.2,0.0586029411764706,0.3333333333333333,5,2000,0.0025,69,69,3366992,3380027,2.0493069184601568e-05,2.04140381127133e-05,0.9090909090909091,0.9961435219304461,1.0,1.0,0.9961435219304461,16780
length_ge_10,retool,bfd_split,512,33,33,1,0.030303030303030304,0.0,0.08108108108108109,1,2000,0.0005,10,10,3373024,3380027,2.96469873917292e-06,2.958556248219319e-06,1.0,0.9979281230593721,1.0,1.0,0.9979281230593721,8396
length_ge_10,retool,bfd_split,1024,33,33,1,0.030303030303030304,0.0,0.08108108108108109,1,2000,0.0005,10,10,3376979,3380027,2.96122658743214e-06,2.958556248219319e-06,1.0,0.9990982320555427,1.0,1.0,0.9990982320555427,4197
length_ge_10,retool,bfd_split,2048,33,33,1,0.030303030303030304,0.0,0.08108108108108109,1,2000,0.0005,10,10,3379112,3380027,2.9593573696284703e-06,2.958556248219319e-06,1.0,0.999729292103288,1.0,1.0,0.999729292103288,2294
length_ge_10,retool,bfd_split,4096,33,33,0,0.0,0.0,0.0,0,2000,0.0,0,0,3379845,3380027,0.0,0.0,1.0,0.9999461542762824,1.0,1.0,0.9999461542762824,1072
length_ge_10,retool,bfd_split,8192,33,33,0,0.0,0.0,0.0,0,2000,0.0,0,0,3380005,3380027,0.0,0.0,1.0,0.9999934911762539,1.0,1.0,0.9999934911762539,533
length_ge_10,retool,drop_overlength,256,33,0,0,0.0,0.0,0.0,0,2000,0.0,0,0,0,3380027,0.0,0.0,0.0,0.0,0.0,0.0,0.0,0
length_ge_10,retool,drop_overlength,512,33,0,0,0.0,0.0,0.0,0,2000,0.0,0,0,0,3380027,0.0,0.0,0.0,0.0,0.0,0.0,0.0,0
length_ge_10,retool,drop_overlength,1024,33,0,0,0.0,0.0,0.0,0,2000,0.0,0,0,93536,3380027,0.0,0.0,0.0,0.02767315172334422,0.09,0.0387552218852579,0.02767315172334422,180
length_ge_10,retool,drop_overlength,2048,33,17,0,0.0,0.0,0.0,0,2000,0.0,0,0,1248173,3380027,0.0,0.0,0.5151515151515151,0.3692790028008652,0.648,0.4255080180002965,0.3692790028008652,1296
length_ge_10,retool,drop_overlength,4096,33,32,0,0.0,0.0,0.0,0,2000,0.0,0,0,2485361,3380027,0.0,0.0,0.9696969696969697,0.7353080315630615,0.921,0.7743712062380145,0.7353080315630615,1842
length_ge_10,retool,drop_overlength,8192,33,33,0,0.0,0.0,0.0,0,2000,0.0,0,0,3160443,3380027,0.0,0.0,1.0,0.935034838479101,0.989,0.9464976427517297,0.935034838479101,1978
length_ge_10,retool,keep_end,256,33,14,0,0.0,0.0,0.0,0,2000,0.0,0,0,444790,3380027,0.0,0.0,0.42424242424242425,0.13159362336454708,1.0,0.11933074099728802,0.13159362336454708,2000
length_ge_10,retool,keep_end,512,33,18,3,0.16666666666666666,0.0,0.3181818181818182,3,2000,0.0015,47,47,916026,3380027,5.130858731084052e-05,1.39052143666308e-05,0.5454545454545454,0.271011444583135,1.0,0.23866148199457604,0.271011444583135,2000
length_ge_10,retool,keep_end,1024,33,27,2,0.07407407407407407,0.0,0.19230769230769232,2,2000,0.001,20,20,1736916,3380027,1.1514661618639014e-05,5.917112496438638e-06,0.8181818181818182,0.5138763684432106,1.0,0.4731191191153863,0.5138763684432106,2000
length_ge_10,retool,keep_end,2048,33,31,0,0.0,0.0,0.0,0,2000,0.0,0,0,2590762,3380027,0.0,0.0,0.9393939393939394,0.7664915102749179,1.0,0.7615433846486596,0.7664915102749179,2000
length_ge_10,retool,keep_end,4096,33,33,0,0.0,0.0,0.0,0,2000,0.0,0,0,3117042,3380027,0.0,0.0,1.0,0.9221944085062043,1.0,0.9252052628585865,0.9221944085062043,2000
length_ge_10,retool,keep_end,8192,33,33,0,0.0,0.0,0.0,0,2000,0.0,0,0,3338381,3380027,0.0,0.0,1.0,0.9876787966486659,1.0,0.9885020635827749,0.9876787966486659,2000
length_ge_10,retool,keep_start,256,33,0,0,0.0,0.0,0.0,0,2000,0.0,0,0,0,3380027,0.0,0.0,0.0,0.0,0.0,0.0,0.0,0
length_ge_10,retool,keep_start,512,33,0,0,0.0,0.0,0.0,0,2000,0.0,0,0,273945,3380027,0.0,0.0,0.0,0.08104816914184414,0.972,0.2319789604987279,0.08104816914184414,1944
length_ge_10,retool,keep_start,1024,33,4,0,0.0,0.0,0.0,0,2000,0.0,0,0,1230440,3380027,0.0,0.0,0.12121212121212122,0.3640325950058979,0.998,0.472164473187408,0.3640325950058979,1996
length_ge_10,retool,keep_start,2048,33,26,0,0.0,0.0,0.0,0,2000,0.0,0,0,2392261,3380027,0.0,0.0,0.7878787878787878,0.7077638728921396,1.0,0.7615433846486596,0.7077638728921396,2000
length_ge_10,retool,keep_start,4096,33,32,0,0.0,0.0,0.0,0,2000,0.0,0,0,3065889,3380027,0.0,0.0,0.9696969696969697,0.907060505729688,1.0,0.9252052628585865,0.907060505729688,2000
length_ge_10,retool,keep_start,8192,33,33,0,0.0,0.0,0.0,0,2000,0.0,0,0,3331535,3380027,0.0,0.0,1.0,0.9856533690411349,1.0,0.9885020635827749,0.9856533690411349,2000
length_ge_10,retool,wrapped,256,33,23,5,0.21739130434782608,0.05263157894736842,0.35,4,2000,0.002,62,124,3362765,3380027,3.6874417332165644e-05,1.8343048738959778e-05,0.696969696969697,0.9948929402043238,0.5055,0.5024623618723366,0.4998593206503972,16761
length_ge_10,retool,wrapped,512,33,23,3,0.13043478260869565,0.0,0.25,3,2000,0.0015,30,60,3369345,3380027,1.7807615426737245e-05,8.875668744657956e-06,0.696969696969697,0.9968396702156521,0.5055,0.5024623618723366,0.5008371234904336,8381
length_ge_10,retool,wrapped,1024,33,23,2,0.08695652173913043,0.0,0.1875,2,2000,0.001,20,40,3372638,3380027,1.18601522013332e-05,5.917112496438638e-06,0.696969696969697,0.9978139227881907,0.5055,0.5024623618723366,0.501326764549514,4191
length_ge_10,retool,wrapped,2048,33,23,1,0.043478260869565216,0.0,0.11428571428571428,1,2000,0.0005,10,20,3374250,3380027,5.927243091057272e-06,2.958556248219319e-06,0.696969696969697,0.9982908420554037,0.5055,0.5024623618723366,0.5015661117499949,2096
length_ge_10,retool,wrapped,4096,33,23,0,0.0,0.0,0.0,0,2000,0.0,0,0,3375060,3380027,0.0,0.0,0.696969696969697,0.9985304851115094,0.5055,0.5024623618723366,0.5016865249892974,1049
length_ge_10,retool,wrapped,8192,33,23,0,0.0,0.0,0.0,0,2000,0.0,0,0,3375479,3380027,0.0,0.0,0.696969696969697,0.9986544486183099,0.5055,0.5024623618723366,0.50174865467051,525
length_ge_10,retool,wrapped_single_batch,256,33,33,8,0.24242424242424243,0.1,0.3830196399345333,6,2000,0.003,105,105,3366887,3380027,3.118607782203561e-05,3.106484060630285e-05,1.0,0.9961124570898399,1.0,1.0,0.9961124570898399,16761
length_ge_10,retool,wrapped_single_batch,512,33,33,4,0.12121212121212122,0.03225806451612903,0.21621621621621623,4,2000,0.002,40,40,3373461,3380027,1.1857258761847255e-05,1.1834224992877276e-05,1.0,0.9980574119674192,1.0,1.0,0.9980574119674192,8381
length_ge_10,retool,wrapped_single_batch,1024,33,33,3,0.09090909090909091,0.0,0.17954545454545423,3,2000,0.0015,30,30,3376762,3380027,8.884250651955927e-06,8.875668744657956e-06,1.0,0.9990340313849564,1.0,1.0,0.9990340313849564,4191
length_ge_10,retool,wrapped_single_batch,2048,33,33,2,0.06060606060606061,0.0,0.13157894736842105,2,2000,0.001,20,20,3378386,3380027,5.91998664451013e-06,5.917112496438638e-06,1.0,0.9995145009196672,1.0,1.0,0.9995145009196672,2096
length_ge_10,retool,wrapped_single_batch,4096,33,33,1,0.030303030303030304,0.0,0.0967741935483871,1,2000,0.0005,10,10,3379199,3380027,2.9592811787645534e-06,2.958556248219319e-06,1.0,0.9997550315426474,1.0,1.0,0.9997550315426474,1048
length_ge_10,retool,wrapped_single_batch,8192,33,33,1,0.030303030303030304,0.0,0.0967741935483871,1,2000,0.0005,10,10,3379622,3380027,2.958910789431481e-06,2.958556248219319e-06,1.0,0.9998801784719471,1.0,1.0,0.9998801784719471,524
length_ge_10,toolace,bfd,256,650,0,0,0.0,0.0,0.0,0,11300,0.0,0,0,10988,935907,0.0,0.0,0.0,0.011740482761641914,0.035663716814159294,0.34412623618917293,0.011740482761641914,11300
length_ge_10,toolace,bfd,512,650,6,0,0.0,0.0,0.0,0,11300,0.0,0,0,161267,935907,0.0,0.0,0.009230769230769232,0.17231092405548842,0.37849557522123894,0.64167747874149,0.17231092405548842,11076
length_ge_10,toolace,bfd,1024,650,338,0,0.0,0.0,0.0,0,11300,0.0,0,0,618299,935907,0.0,0.0,0.52,0.6606414953622529,0.903362831858407,0.9190124782063057,0.6606414953622529,8099
length_ge_10,toolace,bfd,2048,650,624,0,0.0,0.0,0.0,0,11300,0.0,0,0,904499,935907,0.0,0.0,0.96,0.9664411100675602,0.998141592920354,0.9941374350842948,0.9664411100675602,4154
length_ge_10,toolace,bfd,4096,650,650,0,0.0,0.0,0.0,0,11300,0.0,0,0,934354,935907,0.0,0.0,1.0,0.9983406470942091,1.0,0.9998054960143985,0.9983406470942091,2065
length_ge_10,toolace,bfd,8192,650,650,0,0.0,0.0,0.0,0,11300,0.0,0,0,935907,935907,0.0,0.0,1.0,1.0,1.0,1.0,1.0,1034
length_ge_10,toolace,bfd_split,256,650,633,411,0.6492890995260664,0.6104881735955905,0.6856769428929121,337,11300,0.029823008849557523,18795,18795,932287,935907,0.020160100913130828,0.020082123544326518,0.9738461538461538,0.9961320943213375,1.0,1.0,0.9961320943213375,32799
length_ge_10,toolace,bfd_split,512,650,644,261,0.4052795031055901,0.3678308427241548,0.4429060936885292,226,11300,0.02,13045,13045,933988,935907,0.013966988869236007,0.013938350712196831,0.9907692307692307,0.9979495825974162,1.0,1.0,0.9979495825974162,16618
length_ge_10,toolace,bfd_split,1024,650,646,181,0.2801857585139319,0.24678832819722651,0.31611167135376717,169,11300,0.014955752212389381,9439,9439,935165,935907,0.010093405976485434,0.010085403784777762,0.9938461538461538,0.9992071861840973,1.0,1.0,0.9992071861840973,8569
length_ge_10,toolace,bfd_split,2048,650,650,33,0.05076923076923077,0.03437365932137286,0.06828887965884496,31,11300,0.002743362831858407,2402,2402,935838,935907,0.0025666835499306502,0.0025664943204826976,1.0,0.9999262747260145,1.0,1.0,0.9999262747260145,4168
length_ge_10,toolace,bfd_split,4096,650,650,2,0.003076923076923077,0.0,0.007739938080495356,2,11300,0.00017699115044247788,52,52,935904,935907,5.556125414572435e-05,5.556107604708588e-05,1.0,0.9999967945533049,1.0,1.0,0.9999967945533049,2065
length_ge_10,toolace,bfd_split,8192,650,650,0,0.0,0.0,0.0,0,11300,0.0,0,0,935907,935907,0.0,0.0,1.0,1.0,1.0,1.0,1.0,1034
length_ge_10,toolace,drop_overlength,256,650,0,0,0.0,0.0,0.0,0,11300,0.0,0,0,7893,935907,0.0,0.0,0.0,0.008433530254608631,0.02088495575221239,0.006144655358626568,0.008433530254608631,236
length_ge_10,toolace,drop_overlength,512,650,1,0,0.0,0.0,0.0,0,11300,0.0,0,0,125728,935907,0.0,0.0,0.0015384615384615385,0.13433813402400024,0.2872566371681416,0.1496124657246389,0.13433813402400024,3246
length_ge_10,toolace,drop_overlength,1024,650,99,0,0.0,0.0,0.0,0,11300,0.0,0,0,503886,935907,0.0,0.0,0.1523076923076923,0.5383932377896522,0.8254867256637168,0.6780509173249473,0.5383932377896522,9328
length_ge_10,toolace,drop_overlength,2048,650,538,0,0.0,0.0,0.0,0,11300,0.0,0,0,850250,935907,0.0,0.0,0.8276923076923077,0.9084770174814378,0.99,0.9665221649224353,0.9084770174814378,11187
length_ge_10,toolace,drop_overlength,4096,650,644,0,0.0,0.0,0.0,0,11300,0.0,0,0,930431,935907,0.0,0.0,0.9907692307692307,0.9941489912993492,0.9997345132743363,0.9983391984836804,0.9941489912993492,11297
length_ge_10,toolace,drop_overlength,8192,650,650,0,0.0,0.0,0.0,0,11300,0.0,0,0,935907,935907,0.0,0.0,1.0,1.0,1.0,1.0,1.0,11300
length_ge_10,toolace,keep_end,256,650,299,139,0.46488294314381273,0.407659052781004,0.5223018708804013,139,11300,0.012300884955752212,4776,4776,724642,935907,0.006590840718589317,0.005103071138478503,0.46,0.7742671013252385,1.0,0.34412623618917293,0.7742671013252385,11300
length_ge_10,toolace,keep_end,512,650,460,149,0.3239130434782609,0.28383627712963566,0.36703507078507075,149,11300,0.013185840707964603,6696,6696,825431,935907,0.008112125665258513,0.007154557023293981,0.7076923076923077,0.8819583569735027,1.0,0.64167747874149,0.8819583569735027,11300
length_ge_10,toolace,keep_end,1024,650,609,74,0.12151067323481117,0.09634551495016612,0.14701495561402844,74,11300,0.0065486725663716815,3764,3764,910715,935907,0.0041330163662616735,0.0040217671200236775,0.936923076923077,0.9730827956196503,1.0,0.9190124782063057,0.9730827956196503,11300
length_ge_10,toolace,keep_end,2048,650,648,7,0.010802469135802469,0.0031496062992125984,0.01957979197757798,7,11300,0.0006194690265486725,1022,1022,932977,935907,0.0010954182150256652,0.0010919888407715725,0.9969230769230769,0.996869347061193,1.0,0.9941374350842948,0.996869347061193,11300
length_ge_10,toolace,keep_end,4096,650,650,2,0.003076923076923077,0.0,0.007739938080495356,2,11300,0.00017699115044247788,11,11,935876,935907,1.1753693865426616e-05,1.1753304548422013e-05,1.0,0.9999668770508181,1.0,0.9998054960143985,0.9999668770508181,11300
length_ge_10,toolace,keep_end,8192,650,650,0,0.0,0.0,0.0,0,11300,0.0,0,0,935907,935907,0.0,0.0,1.0,1.0,1.0,1.0,1.0,11300
length_ge_10,toolace,keep_start,256,650,0,0,0.0,0.0,0.0,0,11300,0.0,0,0,10988,935907,0.0,0.0,0.0,0.011740482761641914,0.035663716814159294,0.01124614885091699,0.011740482761641914,403
length_ge_10,toolace,keep_start,512,650,6,0,0.0,0.0,0.0,0,11300,0.0,0,0,161267,935907,0.0,0.0,0.009230769230769232,0.17231092405548842,0.37849557522123894,0.21260216381507516,0.17231092405548842,4277
length_ge_10,toolace,keep_start,1024,650,338,0,0.0,0.0,0.0,0,11300,0.0,0,0,618299,935907,0.0,0.0,0.52,0.6606414953622529,0.903362831858407,0.7855794029109491,0.6606414953622529,10208
length_ge_10,toolace,keep_start,2048,650,624,0,0.0,0.0,0.0,0,11300,0.0,0,0,904499,935907,0.0,0.0,0.96,0.9664411100675602,0.998141592920354,0.9890053937267811,0.9664411100675602,11279
length_ge_10,toolace,keep_start,4096,650,650,0,0.0,0.0,0.0,0,11300,0.0,0,0,934354,935907,0.0,0.0,1.0,0.9983406470942091,1.0,0.9998054960143985,0.9983406470942091,11300
length_ge_10,toolace,keep_start,8192,650,650,0,0.0,0.0,0.0,0,11300,0.0,0,0,935907,935907,0.0,0.0,1.0,1.0,1.0,1.0,1.0,11300
length_ge_10,toolace,wrapped,256,650,642,417,0.6495327102803738,0.6133452637347845,0.6845329249617151,350,11300,0.030973451327433628,19117,178470,2767318,935907,0.06449204608939052,0.02042617482292578,0.9876923076923076,2.956830112393646,0.08849557522123894,0.15648251355472023,0.3610914332300111,32742
length_ge_10,toolace,wrapped,512,650,646,272,0.42105263157894735,0.3842590769903762,0.45671732385115393,247,11300,0.02185840707964602,13484,126675,2772785,935907,0.0456851144246669,0.014407414411902037,0.9938461538461538,2.9626715047542116,0.08849557522123894,0.15648251355472023,0.3618158641830866,16375
length_ge_10,toolace,wrapped,1024,650,648,161,0.24845679012345678,0.21583545875642413,0.28149525033672546,152,11300,0.013451327433628318,8252,74938,2775611,935907,0.02699874009722544,0.008817115375779859,0.9969230769230769,2.9656910355409245,0.08849557522123894,0.15648251355472023,0.36217380573069763,8191
length_ge_10,toolace,wrapped,2048,650,648,80,0.12345679012345678,0.10015643423974768,0.14757117465959943,80,11300,0.007079646017699115,3803,30331,2776880,935907,0.010922690213476995,0.004063437927058992,0.9969230769230769,2.9670469394929198,0.08849557522123894,0.15648251355472023,0.36234048895883886,4100
length_ge_10,toolace,wrapped,4096,650,649,43,0.0662557781201849,0.048134780201261496,0.08462191358024689,43,11300,0.003805309734513274,2019,15396,2777607,935907,0.005542900777539803,0.0021572656257512765,0.9984615384615385,2.967823726075347,0.08849557522123894,0.15648251355472023,0.3624377208419213,2053
length_ge_10,toolace,wrapped,8192,650,650,21,0.03230769230769231,0.019107520784178707,0.04601403692290293,21,11300,0.0018584070796460177,647,5000,2777976,935907,0.0017998715611653952,0.0006913080038935493,1.0,2.968217996018835,0.08849557522123894,0.15648251355472023,0.3624783231667249,1032
length_ge_10,toolace,wrapped_single_batch,256,650,642,417,0.6495327102803738,0.6133452637347845,0.6845329249617151,350,11300,0.030973451327433628,19117,19117,932232,935907,0.02050669790352616,0.02042617482292578,0.9876923076923076,0.9960733277985954,1.0,1.0,0.9960733277985954,32736
length_ge_10,toolace,wrapped_single_batch,512,650,646,272,0.42105263157894735,0.3842590769903762,0.45671732385115393,247,11300,0.02185840707964602,13484,13484,934068,935907,0.014435779836157538,0.014407414411902037,0.9938461538461538,0.9980350611759502,1.0,1.0,0.9980350611759502,16368
length_ge_10,toolace,wrapped_single_batch,1024,650,648,161,0.24845679012345678,0.21583545875642413,0.28149525033672546,152,11300,0.013451327433628318,8252,8252,935001,935907,0.008825659009990364,0.008817115375779859,0.9969230769230769,0.9990319550981027,1.0,1.0,0.9990319550981027,8184
length_ge_10,toolace,wrapped_single_batch,2048,650,648,80,0.12345679012345678,0.10015643423974768,0.14757117465959943,80,11300,0.007079646017699115,3803,3803,935440,935907,0.00406546651842983,0.004063437927058992,0.9969230769230769,0.999501018797808,1.0,1.0,0.999501018797808,4092
length_ge_10,toolace,wrapped_single_batch,4096,650,649,43,0.0662557781201849,0.048134780201261496,0.08462191358024689,43,11300,0.003805309734513274,2019,2019,935671,935907,0.0021578097429545214,0.0021572656257512765,0.9984615384615385,0.9997478381933248,1.0,1.0,0.9997478381933248,2046
length_ge_10,toolace,wrapped_single_batch,8192,650,650,21,0.03230769230769231,0.019107520784178707,0.04601403692290293,21,11300,0.0018584070796460177,647,647,935779,935907,0.0006914025640669431,0.0006913080038935493,1.0,0.9998632342743456,1.0,1.0,0.9998632342743456,1023
length_ge_20,retool,bfd,256,2,0,0,0.0,0.0,0.0,0,2000,0.0,0,0,0,3380027,0.0,0.0,0.0,0.0,0.0,0.11933074099728802,0.0,2000
length_ge_20,retool,bfd,512,2,0,0,0.0,0.0,0.0,0,2000,0.0,0,0,273945,3380027,0.0,0.0,0.0,0.08104816914184414,0.972,0.23866148199457604,0.08104816914184414,2000
length_ge_20,retool,bfd,1024,2,0,0,0.0,0.0,0.0,0,2000,0.0,0,0,1230440,3380027,0.0,0.0,0.0,0.3640325950058979,0.998,0.4731191191153863,0.3640325950058979,2000
length_ge_20,retool,bfd,2048,2,2,0,0.0,0.0,0.0,0,2000,0.0,0,0,2392261,3380027,0.0,0.0,1.0,0.7077638728921396,1.0,0.7615433846486596,0.7077638728921396,1835
length_ge_20,retool,bfd,4096,2,2,0,0.0,0.0,0.0,0,2000,0.0,0,0,3065889,3380027,0.0,0.0,1.0,0.907060505729688,1.0,0.9252052628585865,0.907060505729688,996
length_ge_20,retool,bfd,8192,2,2,0,0.0,0.0,0.0,0,2000,0.0,0,0,3331535,3380027,0.0,0.0,1.0,0.9856533690411349,1.0,0.9885020635827749,0.9856533690411349,527
length_ge_20,retool,bfd_split,256,2,2,0,0.0,0.0,0.0,0,2000,0.0,0,0,3366992,3380027,0.0,0.0,1.0,0.9961435219304461,1.0,1.0,0.9961435219304461,16780
length_ge_20,retool,bfd_split,512,2,2,0,0.0,0.0,0.0,0,2000,0.0,0,0,3373024,3380027,0.0,0.0,1.0,0.9979281230593721,1.0,1.0,0.9979281230593721,8396
length_ge_20,retool,bfd_split,1024,2,2,0,0.0,0.0,0.0,0,2000,0.0,0,0,3376979,3380027,0.0,0.0,1.0,0.9990982320555427,1.0,1.0,0.9990982320555427,4197
length_ge_20,retool,bfd_split,2048,2,2,0,0.0,0.0,0.0,0,2000,0.0,0,0,3379112,3380027,0.0,0.0,1.0,0.999729292103288,1.0,1.0,0.999729292103288,2294
length_ge_20,retool,bfd_split,4096,2,2,0,0.0,0.0,0.0,0,2000,0.0,0,0,3379845,3380027,0.0,0.0,1.0,0.9999461542762824,1.0,1.0,0.9999461542762824,1072
length_ge_20,retool,bfd_split,8192,2,2,0,0.0,0.0,0.0,0,2000,0.0,0,0,3380005,3380027,0.0,0.0,1.0,0.9999934911762539,1.0,1.0,0.9999934911762539,533
length_ge_20,retool,drop_overlength,256,2,0,0,0.0,0.0,0.0,0,2000,0.0,0,0,0,3380027,0.0,0.0,0.0,0.0,0.0,0.0,0.0,0
length_ge_20,retool,drop_overlength,512,2,0,0,0.0,0.0,0.0,0,2000,0.0,0,0,0,3380027,0.0,0.0,0.0,0.0,0.0,0.0,0.0,0
length_ge_20,retool,drop_overlength,1024,2,0,0,0.0,0.0,0.0,0,2000,0.0,0,0,93536,3380027,0.0,0.0,0.0,0.02767315172334422,0.09,0.0387552218852579,0.02767315172334422,180
length_ge_20,retool,drop_overlength,2048,2,2,0,0.0,0.0,0.0,0,2000,0.0,0,0,1248173,3380027,0.0,0.0,1.0,0.3692790028008652,0.648,0.4255080180002965,0.3692790028008652,1296
length_ge_20,retool,drop_overlength,4096,2,2,0,0.0,0.0,0.0,0,2000,0.0,0,0,2485361,3380027,0.0,0.0,1.0,0.7353080315630615,0.921,0.7743712062380145,0.7353080315630615,1842
length_ge_20,retool,drop_overlength,8192,2,2,0,0.0,0.0,0.0,0,2000,0.0,0,0,3160443,3380027,0.0,0.0,1.0,0.935034838479101,0.989,0.9464976427517297,0.935034838479101,1978
length_ge_20,retool,keep_end,256,2,0,0,0.0,0.0,0.0,0,2000,0.0,0,0,444790,3380027,0.0,0.0,0.0,0.13159362336454708,1.0,0.11933074099728802,0.13159362336454708,2000
length_ge_20,retool,keep_end,512,2,0,0,0.0,0.0,0.0,0,2000,0.0,0,0,916026,3380027,0.0,0.0,0.0,0.271011444583135,1.0,0.23866148199457604,0.271011444583135,2000
length_ge_20,retool,keep_end,1024,2,2,0,0.0,0.0,0.0,0,2000,0.0,0,0,1736916,3380027,0.0,0.0,1.0,0.5138763684432106,1.0,0.4731191191153863,0.5138763684432106,2000
length_ge_20,retool,keep_end,2048,2,2,0,0.0,0.0,0.0,0,2000,0.0,0,0,2590762,3380027,0.0,0.0,1.0,0.7664915102749179,1.0,0.7615433846486596,0.7664915102749179,2000
length_ge_20,retool,keep_end,4096,2,2,0,0.0,0.0,0.0,0,2000,0.0,0,0,3117042,3380027,0.0,0.0,1.0,0.9221944085062043,1.0,0.9252052628585865,0.9221944085062043,2000
length_ge_20,retool,keep_end,8192,2,2,0,0.0,0.0,0.0,0,2000,0.0,0,0,3338381,3380027,0.0,0.0,1.0,0.9876787966486659,1.0,0.9885020635827749,0.9876787966486659,2000
length_ge_20,retool,keep_start,256,2,0,0,0.0,0.0,0.0,0,2000,0.0,0,0,0,3380027,0.0,0.0,0.0,0.0,0.0,0.0,0.0,0
length_ge_20,retool,keep_start,512,2,0,0,0.0,0.0,0.0,0,2000,0.0,0,0,273945,3380027,0.0,0.0,0.0,0.08104816914184414,0.972,0.2319789604987279,0.08104816914184414,1944
length_ge_20,retool,keep_start,1024,2,0,0,0.0,0.0,0.0,0,2000,0.0,0,0,1230440,3380027,0.0,0.0,0.0,0.3640325950058979,0.998,0.472164473187408,0.3640325950058979,1996
length_ge_20,retool,keep_start,2048,2,2,0,0.0,0.0,0.0,0,2000,0.0,0,0,2392261,3380027,0.0,0.0,1.0,0.7077638728921396,1.0,0.7615433846486596,0.7077638728921396,2000
length_ge_20,retool,keep_start,4096,2,2,0,0.0,0.0,0.0,0,2000,0.0,0,0,3065889,3380027,0.0,0.0,1.0,0.907060505729688,1.0,0.9252052628585865,0.907060505729688,2000
length_ge_20,retool,keep_start,8192,2,2,0,0.0,0.0,0.0,0,2000,0.0,0,0,3331535,3380027,0.0,0.0,1.0,0.9856533690411349,1.0,0.9885020635827749,0.9856533690411349,2000
length_ge_20,retool,wrapped,256,2,1,0,0.0,0.0,0.0,0,2000,0.0,0,0,3362765,3380027,0.0,0.0,0.5,0.9948929402043238,0.5055,0.5024623618723366,0.4998593206503972,16761
length_ge_20,retool,wrapped,512,2,1,0,0.0,0.0,0.0,0,2000,0.0,0,0,3369345,3380027,0.0,0.0,0.5,0.9968396702156521,0.5055,0.5024623618723366,0.5008371234904336,8381
length_ge_20,retool,wrapped,1024,2,1,0,0.0,0.0,0.0,0,2000,0.0,0,0,3372638,3380027,0.0,0.0,0.5,0.9978139227881907,0.5055,0.5024623618723366,0.501326764549514,4191
length_ge_20,retool,wrapped,2048,2,1,0,0.0,0.0,0.0,0,2000,0.0,0,0,3374250,3380027,0.0,0.0,0.5,0.9982908420554037,0.5055,0.5024623618723366,0.5015661117499949,2096
length_ge_20,retool,wrapped,4096,2,1,0,0.0,0.0,0.0,0,2000,0.0,0,0,3375060,3380027,0.0,0.0,0.5,0.9985304851115094,0.5055,0.5024623618723366,0.5016865249892974,1049
length_ge_20,retool,wrapped,8192,2,1,0,0.0,0.0,0.0,0,2000,0.0,0,0,3375479,3380027,0.0,0.0,0.5,0.9986544486183099,0.5055,0.5024623618723366,0.50174865467051,525
length_ge_20,retool,wrapped_single_batch,256,2,2,0,0.0,0.0,0.0,0,2000,0.0,0,0,3366887,3380027,0.0,0.0,1.0,0.9961124570898399,1.0,1.0,0.9961124570898399,16761
length_ge_20,retool,wrapped_single_batch,512,2,2,0,0.0,0.0,0.0,0,2000,0.0,0,0,3373461,3380027,0.0,0.0,1.0,0.9980574119674192,1.0,1.0,0.9980574119674192,8381
length_ge_20,retool,wrapped_single_batch,1024,2,2,0,0.0,0.0,0.0,0,2000,0.0,0,0,3376762,3380027,0.0,0.0,1.0,0.9990340313849564,1.0,1.0,0.9990340313849564,4191
length_ge_20,retool,wrapped_single_batch,2048,2,2,0,0.0,0.0,0.0,0,2000,0.0,0,0,3378386,3380027,0.0,0.0,1.0,0.9995145009196672,1.0,1.0,0.9995145009196672,2096
length_ge_20,retool,wrapped_single_batch,4096,2,2,0,0.0,0.0,0.0,0,2000,0.0,0,0,3379199,3380027,0.0,0.0,1.0,0.9997550315426474,1.0,1.0,0.9997550315426474,1048
length_ge_20,retool,wrapped_single_batch,8192,2,2,0,0.0,0.0,0.0,0,2000,0.0,0,0,3379622,3380027,0.0,0.0,1.0,0.9998801784719471,1.0,1.0,0.9998801784719471,524
length_ge_20,toolace,bfd,256,422,0,0,0.0,0.0,0.0,0,11300,0.0,0,0,10988,935907,0.0,0.0,0.0,0.011740482761641914,0.035663716814159294,0.34412623618917293,0.011740482761641914,11300
length_ge_20,toolace,bfd,512,422,3,0,0.0,0.0,0.0,0,11300,0.0,0,0,161267,935907,0.0,0.0,0.0071090047393364926,0.17231092405548842,0.37849557522123894,0.64167747874149,0.17231092405548842,11076
length_ge_20,toolace,bfd,1024,422,204,0,0.0,0.0,0.0,0,11300,0.0,0,0,618299,935907,0.0,0.0,0.4834123222748815,0.6606414953622529,0.903362831858407,0.9190124782063057,0.6606414953622529,8099
length_ge_20,toolace,bfd,2048,422,406,0,0.0,0.0,0.0,0,11300,0.0,0,0,904499,935907,0.0,0.0,0.9620853080568721,0.9664411100675602,0.998141592920354,0.9941374350842948,0.9664411100675602,4154
length_ge_20,toolace,bfd,4096,422,422,0,0.0,0.0,0.0,0,11300,0.0,0,0,934354,935907,0.0,0.0,1.0,0.9983406470942091,1.0,0.9998054960143985,0.9983406470942091,2065
length_ge_20,toolace,bfd,8192,422,422,0,0.0,0.0,0.0,0,11300,0.0,0,0,935907,935907,0.0,0.0,1.0,1.0,1.0,1.0,1.0,1034
length_ge_20,toolace,bfd_split,256,422,408,277,0.678921568627451,0.6340116872511993,0.7216748768472906,237,11300,0.02097345132743363,13041,13041,932287,935907,0.013988181750898597,0.013934076783270133,0.966824644549763,0.9961320943213375,1.0,1.0,0.9961320943213375,32799
length_ge_20,toolace,bfd_split,512,422,417,171,0.41007194244604317,0.36076779362090095,0.45714980882864087,151,11300,0.01336283185840708,9296,9296,933988,935907,0.009953018668334068,0.009932610825648275,0.9881516587677726,0.9979495825974162,1.0,1.0,0.9979495825974162,16618
length_ge_20,toolace,bfd_split,1024,422,418,118,0.2822966507177033,0.2378580697875613,0.32697010485357825,110,11300,0.009734513274336283,6594,6594,935165,935907,0.0070511620943897605,0.007045571835663159,0.990521327014218,0.9992071861840973,1.0,1.0,0.9992071861840973,8569
length_ge_20,toolace,bfd_split,2048,422,422,19,0.045023696682464455,0.02619047619047619,0.0652718776550552,19,11300,0.0016814159292035398,1560,1560,935838,935907,0.0016669551781398062,0.0016668322814125762,1.0,0.9999262747260145,1.0,1.0,0.9999262747260145,4168
length_ge_20,toolace,bfd_split,4096,422,422,0,0.0,0.0,0.0,0,11300,0.0,0,0,935904,935907,0.0,0.0,1.0,0.9999967945533049,1.0,1.0,0.9999967945533049,2065
length_ge_20,toolace,bfd_split,8192,422,422,0,0.0,0.0,0.0,0,11300,0.0,0,0,935907,935907,0.0,0.0,1.0,1.0,1.0,1.0,1.0,1034
length_ge_20,toolace,drop_overlength,256,422,0,0,0.0,0.0,0.0,0,11300,0.0,0,0,7893,935907,0.0,0.0,0.0,0.008433530254608631,0.02088495575221239,0.006144655358626568,0.008433530254608631,236
length_ge_20,toolace,drop_overlength,512,422,1,0,0.0,0.0,0.0,0,11300,0.0,0,0,125728,935907,0.0,0.0,0.002369668246445498,0.13433813402400024,0.2872566371681416,0.1496124657246389,0.13433813402400024,3246
length_ge_20,toolace,drop_overlength,1024,422,50,0,0.0,0.0,0.0,0,11300,0.0,0,0,503886,935907,0.0,0.0,0.11848341232227488,0.5383932377896522,0.8254867256637168,0.6780509173249473,0.5383932377896522,9328
length_ge_20,toolace,drop_overlength,2048,422,341,0,0.0,0.0,0.0,0,11300,0.0,0,0,850250,935907,0.0,0.0,0.8080568720379147,0.9084770174814378,0.99,0.9665221649224353,0.9084770174814378,11187
length_ge_20,toolace,drop_overlength,4096,422,420,0,0.0,0.0,0.0,0,11300,0.0,0,0,930431,935907,0.0,0.0,0.995260663507109,0.9941489912993492,0.9997345132743363,0.9983391984836804,0.9941489912993492,11297
length_ge_20,toolace,drop_overlength,8192,422,422,0,0.0,0.0,0.0,0,11300,0.0,0,0,935907,935907,0.0,0.0,1.0,1.0,1.0,1.0,1.0,11300
length_ge_20,toolace,keep_end,256,422,187,91,0.48663101604278075,0.41665609137055837,0.5602151774926644,91,11300,0.008053097345132744,3426,3426,724642,935907,0.004727851822003141,0.0036606201257176193,0.4431279620853081,0.7742671013252385,1.0,0.34412623618917293,0.7742671013252385,11300
length_ge_20,toolace,keep_end,512,422,287,91,0.3170731707317073,0.2625854635440584,0.37236027310257214,91,11300,0.008053097345132744,4620,4620,825431,935907,0.005597075951836071,0.004936387910337245,0.6800947867298578,0.8819583569735027,1.0,0.64167747874149,0.8819583569735027,11300
length_ge_20,toolace,keep_end,1024,422,394,45,0.11421319796954314,0.08521303258145363,0.14463840399002495,45,11300,0.003982300884955752,2343,2343,910715,935907,0.0025727038645459886,0.0025034538688138886,0.933649289099526,0.9730827956196503,1.0,0.9190124782063057,0.9730827956196503,11300
length_ge_20,toolace,keep_end,2048,422,421,5,0.011876484560570071,0.002369668246445498,0.02347555923777961,5,11300,0.0004424778761061947,915,915,932977,935907,0.0009807315721609429,0.0009776612419823765,0.9976303317535545,0.996869347061193,1.0,0.9941374350842948,0.996869347061193,11300
length_ge_20,toolace,keep_end,4096,422,422,1,0.002369668246445498,0.0,0.007264363290157266,1,11300,8.849557522123894e-05,8,8,935876,935907,8.548140993037539e-06,8.547857853397826e-06,1.0,0.9999668770508181,1.0,0.9998054960143985,0.9999668770508181,11300
length_ge_20,toolace,keep_end,8192,422,422,0,0.0,0.0,0.0,0,11300,0.0,0,0,935907,935907,0.0,0.0,1.0,1.0,1.0,1.0,1.0,11300
length_ge_20,toolace,keep_start,256,422,0,0,0.0,0.0,0.0,0,11300,0.0,0,0,10988,935907,0.0,0.0,0.0,0.011740482761641914,0.035663716814159294,0.01124614885091699,0.011740482761641914,403
length_ge_20,toolace,keep_start,512,422,3,0,0.0,0.0,0.0,0,11300,0.0,0,0,161267,935907,0.0,0.0,0.0071090047393364926,0.17231092405548842,0.37849557522123894,0.21260216381507516,0.17231092405548842,4277
length_ge_20,toolace,keep_start,1024,422,204,0,0.0,0.0,0.0,0,11300,0.0,0,0,618299,935907,0.0,0.0,0.4834123222748815,0.6606414953622529,0.903362831858407,0.7855794029109491,0.6606414953622529,10208
length_ge_20,toolace,keep_start,2048,422,406,0,0.0,0.0,0.0,0,11300,0.0,0,0,904499,935907,0.0,0.0,0.9620853080568721,0.9664411100675602,0.998141592920354,0.9890053937267811,0.9664411100675602,11279
length_ge_20,toolace,keep_start,4096,422,422,0,0.0,0.0,0.0,0,11300,0.0,0,0,934354,935907,0.0,0.0,1.0,0.9983406470942091,1.0,0.9998054960143985,0.9983406470942091,11300
length_ge_20,toolace,keep_start,8192,422,422,0,0.0,0.0,0.0,0,11300,0.0,0,0,935907,935907,0.0,0.0,1.0,1.0,1.0,1.0,1.0,11300
length_ge_20,toolace,wrapped,256,422,412,275,0.6674757281553398,0.6228699896759704,0.7142857142857143,243,11300,0.02150442477876106,13041,124502,2767318,935907,0.04499013123898302,0.013934076783270133,0.976303317535545,2.956830112393646,0.08849557522123894,0.15648251355472023,0.3610914332300111,32742
length_ge_20,toolace,wrapped,512,422,417,182,0.4364508393285372,0.3888856362217018,0.483589184990036,170,11300,0.01504424778761062,9553,92732,2772785,935907,0.03344363158340802,0.01020721075918868,0.9881516587677726,2.9626715047542116,0.08849557522123894,0.15648251355472023,0.3618158641830866,16375
length_ge_20,toolace,wrapped,1024,422,420,104,0.24761904761904763,0.20822998366486326,0.28814260528108343,100,11300,0.008849557522123894,5875,55381,2775611,935907,0.019952723922768718,0.006277333111089029,0.995260663507109,2.9656910355409245,0.08849557522123894,0.15648251355472023,0.36217380573069763,8191
length_ge_20,toolace,wrapped,2048,422,420,48,0.11428571428571428,0.08470494009960963,0.1448606455479832,48,11300,0.004247787610619469,2596,20993,2776880,935907,0.007559923367232289,0.0027737798734275947,0.995260663507109,2.9670469394929198,0.08849557522123894,0.15648251355472023,0.36234048895883886,4100
length_ge_20,toolace,wrapped,4096,422,421,28,0.0665083135391924,0.04481132075471698,0.0928612956810631,28,11300,0.00247787610619469,1383,9226,2777607,935907,0.0033215642097676164,0.0014777109264061494,0.9976303317535545,2.967823726075347,0.08849557522123894,0.15648251355472023,0.3624377208419213,2053
length_ge_20,toolace,wrapped,8192,422,422,13,0.030805687203791468,0.016469621651477494,0.04861960955710951,13,11300,0.001150442477876106,435,3167,2777976,935907,0.0011400386468421613,0.00046478977077850684,1.0,2.968217996018835,0.08849557522123894,0.15648251355472023,0.3624783231667249,1032
length_ge_20,toolace,wrapped_single_batch,256,422,412,275,0.6674757281553398,0.6228699896759704,0.7142857142857143,243,11300,0.02150442477876106,13041,13041,932232,935907,0.013989007028293386,0.013934076783270133,0.976303317535545,0.9960733277985954,1.0,1.0,0.9960733277985954,32736
length_ge_20,toolace,wrapped_single_batch,512,422,417,182,0.4364508393285372,0.3888856362217018,0.483589184990036,170,11300,0.01504424778761062,9553,9553,934068,935907,0.01022730679136851,0.01020721075918868,0.9881516587677726,0.9980350611759502,1.0,1.0,0.9980350611759502,16368
length_ge_20,toolace,wrapped_single_batch,1024,422,420,104,0.24761904761904763,0.20822998366486326,0.28814260528108343,100,11300,0.008849557522123894,5875,5875,935001,935907,0.00628341573966231,0.006277333111089029,0.995260663507109,0.9990319550981027,1.0,1.0,0.9990319550981027,8184
length_ge_20,toolace,wrapped_single_batch,2048,422,420,48,0.11428571428571428,0.08470494009960963,0.1448606455479832,48,11300,0.004247787610619469,2596,2596,935440,935907,0.00277516462841016,0.0027737798734275947,0.995260663507109,0.999501018797808,1.0,1.0,0.999501018797808,4092
length_ge_20,toolace,wrapped_single_batch,4096,422,421,28,0.0665083135391924,0.04481132075471698,0.0928612956810631,28,11300,0.00247787610619469,1383,1383,935671,935907,0.0014780836426478965,0.0014777109264061494,0.9976303317535545,0.9997478381933248,1.0,1.0,0.9997478381933248,2046
length_ge_20,toolace,wrapped_single_batch,8192,422,422,13,0.030805687203791468,0.016469621651477494,0.04861960955710951,13,11300,0.001150442477876106,435,435,935779,935907,0.00046485334678380256,0.00046478977077850684,1.0,0.9998632342743456,1.0,1.0,0.9998632342743456,1023
opaque_identifier,toolace,bfd,256,137,0,0,0.0,0.0,0.0,0,11300,0.0,0,0,10988,935907,0.0,0.0,0.0,0.011740482761641914,0.035663716814159294,0.34412623618917293,0.011740482761641914,11300
opaque_identifier,toolace,bfd,512,137,1,0,0.0,0.0,0.0,0,11300,0.0,0,0,161267,935907,0.0,0.0,0.0072992700729927005,0.17231092405548842,0.37849557522123894,0.64167747874149,0.17231092405548842,11076
opaque_identifier,toolace,bfd,1024,137,70,0,0.0,0.0,0.0,0,11300,0.0,0,0,618299,935907,0.0,0.0,0.5109489051094891,0.6606414953622529,0.903362831858407,0.9190124782063057,0.6606414953622529,8099
opaque_identifier,toolace,bfd,2048,137,133,0,0.0,0.0,0.0,0,11300,0.0,0,0,904499,935907,0.0,0.0,0.9708029197080292,0.9664411100675602,0.998141592920354,0.9941374350842948,0.9664411100675602,4154
opaque_identifier,toolace,bfd,4096,137,137,0,0.0,0.0,0.0,0,11300,0.0,0,0,934354,935907,0.0,0.0,1.0,0.9983406470942091,1.0,0.9998054960143985,0.9983406470942091,2065
opaque_identifier,toolace,bfd,8192,137,137,0,0.0,0.0,0.0,0,11300,0.0,0,0,935907,935907,0.0,0.0,1.0,1.0,1.0,1.0,1.0,1034
opaque_identifier,toolace,bfd_split,256,137,132,78,0.5909090909090909,0.5037593984962406,0.6762642826914939,74,11300,0.0065486725663716815,3270,3270,932287,935907,0.0035075035906324986,0.0034939368975763618,0.9635036496350365,0.9961320943213375,1.0,1.0,0.9961320943213375,32799
opaque_identifier,toolace,bfd_split,512,137,134,46,0.34328358208955223,0.26811594202898553,0.4253977206988313,46,11300,0.004070796460176991,2420,2420,933988,935907,0.002591039713572337,0.0025857270006528427,0.9781021897810219,0.9979495825974162,1.0,1.0,0.9979495825974162,16618
opaque_identifier,toolace,bfd_split,1024,137,135,38,0.2814814814814815,0.21166855145471367,0.35939797794117634,38,11300,0.0033628318584070795,1996,1996,935165,935907,0.0021343827025177373,0.002132690534422758,0.9854014598540146,0.9992071861840973,1.0,1.0,0.9992071861840973,8569
opaque_identifier,toolace,bfd_split,2048,137,137,3,0.021897810218978103,0.0,0.05073389400190411,3,11300,0.00026548672566371683,474,474,935838,935907,0.0005064979195117103,0.0005064605778138212,1.0,0.9999262747260145,1.0,1.0,0.9999262747260145,4168
opaque_identifier,toolace,bfd_split,4096,137,137,0,0.0,0.0,0.0,0,11300,0.0,0,0,935904,935907,0.0,0.0,1.0,0.9999967945533049,1.0,1.0,0.9999967945533049,2065
opaque_identifier,toolace,bfd_split,8192,137,137,0,0.0,0.0,0.0,0,11300,0.0,0,0,935907,935907,0.0,0.0,1.0,1.0,1.0,1.0,1.0,1034
opaque_identifier,toolace,drop_overlength,256,137,0,0,0.0,0.0,0.0,0,11300,0.0,0,0,7893,935907,0.0,0.0,0.0,0.008433530254608631,0.02088495575221239,0.006144655358626568,0.008433530254608631,236
opaque_identifier,toolace,drop_overlength,512,137,0,0,0.0,0.0,0.0,0,11300,0.0,0,0,125728,935907,0.0,0.0,0.0,0.13433813402400024,0.2872566371681416,0.1496124657246389,0.13433813402400024,3246
opaque_identifier,toolace,drop_overlength,1024,137,28,0,0.0,0.0,0.0,0,11300,0.0,0,0,503886,935907,0.0,0.0,0.20437956204379562,0.5383932377896522,0.8254867256637168,0.6780509173249473,0.5383932377896522,9328
opaque_identifier,toolace,drop_overlength,2048,137,120,0,0.0,0.0,0.0,0,11300,0.0,0,0,850250,935907,0.0,0.0,0.8759124087591241,0.9084770174814378,0.99,0.9665221649224353,0.9084770174814378,11187
opaque_identifier,toolace,drop_overlength,4096,137,136,0,0.0,0.0,0.0,0,11300,0.0,0,0,930431,935907,0.0,0.0,0.9927007299270073,0.9941489912993492,0.9997345132743363,0.9983391984836804,0.9941489912993492,11297
opaque_identifier,toolace,drop_overlength,8192,137,137,0,0.0,0.0,0.0,0,11300,0.0,0,0,935907,935907,0.0,0.0,1.0,1.0,1.0,1.0,1.0,11300
opaque_identifier,toolace,keep_end,256,137,69,18,0.2608695652173913,0.16248161764705882,0.36666666666666664,18,11300,0.001592920353982301,503,503,724642,935907,0.0006941358629502568,0.0005374465625323884,0.5036496350364964,0.7742671013252385,1.0,0.34412623618917293,0.7742671013252385,11300
opaque_identifier,toolace,keep_end,512,137,102,24,0.23529411764705882,0.15384615384615385,0.3225806451612903,24,11300,0.0021238938053097347,941,941,825431,935907,0.0011400104914886888,0.0010054417800059194,0.7445255474452555,0.8819583569735027,1.0,0.64167747874149,0.8819583569735027,11300
opaque_identifier,toolace,keep_end,1024,137,129,16,0.12403100775193798,0.06923076923076923,0.184,16,11300,0.001415929203539823,726,726,910715,935907,0.0007971758453522782,0.0007757181001958528,0.9416058394160584,0.9730827956196503,1.0,0.9190124782063057,0.9730827956196503,11300
opaque_identifier,toolace,keep_end,2048,137,137,2,0.014598540145985401,0.0,0.037037037037037035,2,11300,0.00017699115044247788,395,395,932977,935907,0.0004233759245940682,0.0004220504815115177,1.0,0.996869347061193,1.0,0.9941374350842948,0.996869347061193,11300
opaque_identifier,toolace,keep_end,4096,137,137,1,0.0072992700729927005,0.0,0.022388059701492536,1,11300,8.849557522123894e-05,8,8,935876,935907,8.548140993037539e-06,8.547857853397826e-06,1.0,0.9999668770508181,1.0,0.9998054960143985,0.9999668770508181,11300
opaque_identifier,toolace,keep_end,8192,137,137,0,0.0,0.0,0.0,0,11300,0.0,0,0,935907,935907,0.0,0.0,1.0,1.0,1.0,1.0,1.0,11300
opaque_identifier,toolace,keep_start,256,137,0,0,0.0,0.0,0.0,0,11300,0.0,0,0,10988,935907,0.0,0.0,0.0,0.011740482761641914,0.035663716814159294,0.01124614885091699,0.011740482761641914,403
opaque_identifier,toolace,keep_start,512,137,1,0,0.0,0.0,0.0,0,11300,0.0,0,0,161267,935907,0.0,0.0,0.0072992700729927005,0.17231092405548842,0.37849557522123894,0.21260216381507516,0.17231092405548842,4277
opaque_identifier,toolace,keep_start,1024,137,70,0,0.0,0.0,0.0,0,11300,0.0,0,0,618299,935907,0.0,0.0,0.5109489051094891,0.6606414953622529,0.903362831858407,0.7855794029109491,0.6606414953622529,10208
opaque_identifier,toolace,keep_start,2048,137,133,0,0.0,0.0,0.0,0,11300,0.0,0,0,904499,935907,0.0,0.0,0.9708029197080292,0.9664411100675602,0.998141592920354,0.9890053937267811,0.9664411100675602,11279
opaque_identifier,toolace,keep_start,4096,137,137,0,0.0,0.0,0.0,0,11300,0.0,0,0,934354,935907,0.0,0.0,1.0,0.9983406470942091,1.0,0.9998054960143985,0.9983406470942091,11300
opaque_identifier,toolace,keep_start,8192,137,137,0,0.0,0.0,0.0,0,11300,0.0,0,0,935907,935907,0.0,0.0,1.0,1.0,1.0,1.0,1.0,11300
opaque_identifier,toolace,wrapped,256,137,133,70,0.5263157894736842,0.44274809160305345,0.6148148148148148,68,11300,0.006017699115044248,3089,26654,2767318,935907,0.009631708390578893,0.0033005416136432358,0.9708029197080292,2.956830112393646,0.08849557522123894,0.15648251355472023,0.3610914332300111,32742
opaque_identifier,toolace,wrapped,512,137,136,47,0.34558823529411764,0.2714097744360902,0.4244832492215182,47,11300,0.00415929203539823,2461,20596,2772785,935907,0.00742791092710037,0.0026295347721515066,0.9927007299270073,2.9626715047542116,0.08849557522123894,0.15648251355472023,0.3618158641830866,16375
opaque_identifier,toolace,wrapped,1024,137,136,24,0.17647058823529413,0.11265766239226403,0.24444444444444444,24,11300,0.0021238938053097347,1518,10922,2775611,935907,0.00393498944916993,0.0016219560276822377,0.9927007299270073,2.9656910355409245,0.08849557522123894,0.15648251355472023,0.36217380573069763,8191
opaque_identifier,toolace,wrapped,2048,137,136,13,0.09558823529411764,0.050724637681159424,0.14894410924102885,13,11300,0.001150442477876106,929,5701,2776880,935907,0.0020530235372072255,0.0009926199932258227,0.9927007299270073,2.9670469394929198,0.08849557522123894,0.15648251355472023,0.36234048895883886,4100
opaque_identifier,toolace,wrapped,4096,137,137,8,0.058394160583941604,0.021897810218978103,0.09850364330326151,8,11300,0.0007079646017699115,677,3681,2777607,935907,0.001325241475845935,0.0007233624708437911,1.0,2.967823726075347,0.08849557522123894,0.15648251355472023,0.3624377208419213,2053
opaque_identifier,toolace,wrapped,8192,137,137,2,0.014598540145985401,0.0,0.03731343283582089,2,11300,0.00017699115044247788,52,404,2777976,935907,0.00014542962214216394,5.556107604708588e-05,1.0,2.968217996018835,0.08849557522123894,0.15648251355472023,0.3624783231667249,1032
opaque_identifier,toolace,wrapped_single_batch,256,137,133,70,0.5263157894736842,0.44274809160305345,0.6148148148148148,68,11300,0.006017699115044248,3089,3089,932232,935907,0.0033135528495052734,0.0033005416136432358,0.9708029197080292,0.9960733277985954,1.0,1.0,0.9960733277985954,32736
opaque_identifier,toolace,wrapped_single_batch,512,137,136,47,0.34558823529411764,0.2714097744360902,0.4244832492215182,47,11300,0.00415929203539823,2461,2461,934068,935907,0.0026347118196962107,0.0026295347721515066,0.9927007299270073,0.9980350611759502,1.0,1.0,0.9980350611759502,16368
opaque_identifier,toolace,wrapped_single_batch,1024,137,136,24,0.17647058823529413,0.11265766239226403,0.24444444444444444,24,11300,0.0021238938053097347,1518,1518,935001,935907,0.0016235276753714702,0.0016219560276822377,0.9927007299270073,0.9990319550981027,1.0,1.0,0.9990319550981027,8184
opaque_identifier,toolace,wrapped_single_batch,2048,137,136,13,0.09558823529411764,0.050724637681159424,0.14894410924102885,13,11300,0.001150442477876106,929,929,935440,935907,0.000993115539211494,0.0009926199932258227,0.9927007299270073,0.999501018797808,1.0,1.0,0.999501018797808,4092
opaque_identifier,toolace,wrapped_single_batch,4096,137,137,8,0.058394160583941604,0.021897810218978103,0.09850364330326151,8,11300,0.0007079646017699115,677,677,935671,935907,0.0007235449212383413,0.0007233624708437911,1.0,0.9997478381933248,1.0,1.0,0.9997478381933248,2046
opaque_identifier,toolace,wrapped_single_batch,8192,137,137,2,0.014598540145985401,0.0,0.03731343283582089,2,11300,0.00017699115044247788,52,52,935779,935907,5.55686759373741e-05,5.556107604708588e-05,1.0,0.9998632342743456,1.0,1.0,0.9998632342743456,1023
