split,family,corruption,seed,records,exact,copied_stale,value_token_nll,whole_target_nll
conflict,checksum,0,20260808,100,0.99,0.0,0.010314052842404635,0.0066480398170097035
conflict,checksum,0,20260809,100,1.0,0.0,6.759584433893906e-05,5.695243420632323e-05
conflict,checksum,0,20260810,100,1.0,0.0,6.328722125999776e-05,5.6379386442131364e-05
conflict,checksum,25,20260808,100,1.0,0.0,0.00014189445704687387,0.00017941424106538762
conflict,checksum,25,20260809,100,1.0,0.0,0.00014169165240673464,0.00014995217068644706
conflict,checksum,25,20260810,100,1.0,0.0,0.00013375743792494178,0.00011547215621249052
conflict,checksum,50,20260808,100,1.0,0.0,0.00022582413374038878,0.0002144176688307198
conflict,checksum,50,20260809,100,1.0,0.0,0.00019232787333749003,0.00017983261073823087
conflict,checksum,50,20260810,100,1.0,0.0,0.0002007523442443926,0.00016590148734394461
conflict,checksum,100,20260808,100,0.0,0.0,1.4050401735305786,0.880562544465065
conflict,checksum,100,20260809,100,0.0,0.0,0.9665213209390641,0.6053584104776383
conflict,checksum,100,20260810,100,0.0,0.0,0.9917398309707641,0.6218831050395965
conflict,error,0,20260808,100,1.0,0.0,5.214855425037968e-05,4.755037283757702e-05
conflict,error,0,20260809,100,1.0,0.0,4.1867516815727865e-05,4.394200888782507e-05
conflict,error,0,20260810,100,1.0,0.0,3.4067077426698236e-05,3.7735879086540084e-05
conflict,error,25,20260808,100,1.0,0.0,0.00013448638586851302,0.00015545857466349843
conflict,error,25,20260809,100,1.0,0.0,0.00014875515953463036,0.00015455081716936548
conflict,error,25,20260810,100,1.0,0.0,0.00013453987938191858,0.00013086938080959952
conflict,error,50,20260808,100,1.0,0.0,0.0001864595539518632,0.0001862765788246179
conflict,error,50,20260809,100,1.0,0.0,0.00023676845356021659,0.00019229367157095112
conflict,error,50,20260810,100,1.0,0.0,0.00013396477728747414,0.00012873154100816463
conflict,error,100,20260808,100,0.0,0.0,1.1511635929346085,0.6924477931857109
conflict,error,100,20260809,100,0.0,0.0,0.8248818883299828,0.49603216916322707
conflict,error,100,20260810,100,0.0,0.0,0.9851162803173065,0.5929794338345528
conflict,inventory,0,20260808,100,1.0,0.0,4.613700974914536e-05,4.004543719929643e-05
conflict,inventory,0,20260809,100,1.0,0.0,3.51924903679901e-05,3.718271778780036e-05
conflict,inventory,0,20260810,100,1.0,0.0,4.389727246234543e-05,4.365112963569118e-05
conflict,inventory,25,20260808,100,1.0,0.0,0.0001314566488872515,0.0001559477500995854
conflict,inventory,25,20260809,100,1.0,0.0,0.00014977861657825998,0.00015454135587788186
conflict,inventory,25,20260810,100,1.0,0.0,0.00015074964687300963,0.00012585047716129338
conflict,inventory,50,20260808,100,1.0,0.0,0.00019373244573216652,0.00018622480769408867
conflict,inventory,50,20260809,100,1.0,0.0,0.0002760792935805512,0.00022018730018317
conflict,inventory,50,20260810,100,1.0,0.0,0.00021421927731353209,0.00018882369025959633
conflict,inventory,100,20260808,100,0.0,0.0,1.6201100957393646,0.9687937426567078
conflict,inventory,100,20260809,100,0.0,0.0,1.0274795907735825,0.6138799911737443
conflict,inventory,100,20260810,100,0.0,0.0,1.0512489873170852,0.6299228802323341
conflict,order,0,20260808,100,1.0,0.0,4.777239385020948e-05,4.339694514783332e-05
conflict,order,0,20260809,100,1.0,0.0,0.0004285744929006796,0.00028250848799871164
conflict,order,0,20260810,100,1.0,0.0,0.0001302427252517191,9.673887174358243e-05
conflict,order,25,20260808,100,1.0,0.0,9.657920827521593e-05,0.00014250691936467774
conflict,order,25,20260809,100,1.0,0.0,0.0001395770448289113,0.00017140365125669632
conflict,order,25,20260810,100,1.0,0.0,0.00016917123650273425,0.00014387207840627525
conflict,order,50,20260808,100,1.0,0.0,0.00017508560114947613,0.00017878694772662128
conflict,order,50,20260809,100,1.0,0.0,0.0002472085061253893,0.00020364189105748665
conflict,order,50,20260810,100,1.0,0.0,0.00014397965647731326,0.00014509789805742913
conflict,order,100,20260808,100,0.0,0.0,1.3016030514240264,0.7726722973585128
conflict,order,100,20260809,100,0.0,0.0,0.8767808642983437,0.5200730758905411
conflict,order,100,20260810,100,0.0,0.0,0.9127758774161339,0.542599129974842
conflict,route,0,20260808,100,1.0,0.0,5.915082805131533e-05,5.185023960621038e-05
conflict,route,0,20260809,100,0.99,0.0,0.0022516688738596713,0.0016190095020829176
conflict,route,0,20260810,100,1.0,0.0,4.5960126819863944e-05,4.6733464714634465e-05
conflict,route,25,20260808,100,1.0,0.0,0.00011706679828421329,0.00013716256609768606
conflict,route,25,20260809,100,1.0,0.0,0.0001283758250428946,0.00013740736641921103
conflict,route,25,20260810,100,1.0,0.0,0.00010707655612350208,9.729499477543868e-05
conflict,route,50,20260808,100,1.0,0.0,0.00017914984331582673,0.00017583068904059474
conflict,route,50,20260809,100,1.0,0.0,0.00018553987003542717,0.00016112577530293492
conflict,route,50,20260810,100,1.0,0.0,9.900244318487238e-05,0.00010378472499724012
conflict,route,100,20260808,100,0.0,0.0,1.1095236057043076,0.7510554194450378
conflict,route,100,20260809,100,0.0,0.0,0.8011905750632287,0.5420637911558152
conflict,route,100,20260810,100,0.0,0.0,0.8760959050059318,0.5931958243250847
conflict,ticket,0,20260808,100,1.0,0.0,6.551796052008285e-05,5.4532158901565706e-05
conflict,ticket,0,20260809,100,1.0,0.0,0.00017567326494827284,0.00012270814914700168
conflict,ticket,0,20260810,100,1.0,0.0,5.7051503663387845e-05,5.02788913945551e-05
conflict,ticket,25,20260808,100,1.0,0.0,0.00010927855082627502,0.00014834161374892573
conflict,ticket,25,20260809,100,1.0,0.0,0.00017153394632259732,0.00016844582693011036
conflict,ticket,25,20260810,100,1.0,0.0,0.00012464009674658882,0.00011689451479469425
conflict,ticket,50,20260808,100,1.0,0.0,0.0001477068124404468,0.00016039380097936372
conflict,ticket,50,20260809,100,1.0,0.0,0.0002644538316872058,0.00022685043775709347
conflict,ticket,50,20260810,100,1.0,0.0,0.00016103084770293207,0.00016032792904297822
conflict,ticket,100,20260808,100,0.0,0.0,1.1888711923360824,0.745977138876915
conflict,ticket,100,20260809,100,0.0,0.0,0.7898924112319946,0.49511637091636657
conflict,ticket,100,20260810,100,0.0,0.0,0.8226508003473282,0.516562340259552
test,checksum,0,20260808,100,1.0,0.0,6.870220762721147e-05,0.008617164785973727
test,checksum,0,20260809,100,0.99,0.0,0.008247613794910649,0.005342086086711788
test,checksum,0,20260810,100,0.69,0.0,0.003712543388728591,0.1008867322653532
test,checksum,25,20260808,100,1.0,0.0,0.00014756879887499962,0.00022330376828904263
test,checksum,25,20260809,100,1.0,0.0,0.0001690978346960037,0.00021408210348454305
test,checksum,25,20260810,100,1.0,0.0,0.0005367310385372548,0.0003842368777259253
test,checksum,50,20260808,100,1.0,0.0,0.00020059931935975328,0.00022970378442551008
test,checksum,50,20260809,100,1.0,0.0,0.00020100294656003826,0.00021199350958340802
test,checksum,50,20260810,100,1.0,0.0,0.00017464941993239336,0.0001631489447026979
test,checksum,100,20260808,100,0.0,0.0,1.8049805027246475,1.1373342728614808
test,checksum,100,20260809,100,0.0,0.0,1.2008792543411255,0.7556846073269844
test,checksum,100,20260810,100,0.0,0.0,1.210898277759552,0.7662663513422012
test,error,0,20260808,100,0.99,0.0,5.38731562664907e-05,0.03834834272041917
test,error,0,20260809,100,1.0,0.0,5.857389097400301e-05,0.00010935398611763958
test,error,0,20260810,100,0.0,0.0,6.957547160254762e-05,0.3843939797580242
test,error,25,20260808,100,1.0,0.0,0.00014602168655983405,0.00021228538898867554
test,error,25,20260809,100,1.0,0.0,0.0002612895279162331,0.0002733306435402483
test,error,25,20260810,100,1.0,0.0,0.00011025107956811552,0.0001383145472209435
test,error,50,20260808,100,1.0,0.0,0.0002733632914168993,0.00032594086529570633
test,error,50,20260809,100,1.0,0.0,0.0001678174022526946,0.0002059596277831588
test,error,50,20260810,100,1.0,0.0,0.00017224786104634405,0.0001714960404933663
test,error,100,20260808,100,0.0,0.0,1.372965425848961,0.8222043669223785
test,error,100,20260809,100,0.0,0.0,1.0372039419412613,0.6209468394517899
test,error,100,20260810,100,0.0,0.0,1.156813775897026,0.6991279923915863
test,inventory,0,20260808,100,1.0,0.0,5.627614435070427e-05,0.0010928981335018761
test,inventory,0,20260809,100,1.0,0.0,5.4514726739398613e-05,5.839334789925488e-05
test,inventory,0,20260810,100,0.27,0.0,7.878098223045527e-05,0.10673998806625605
test,inventory,25,20260808,100,1.0,0.0,0.00019994454087282065,0.0002483144676079974
test,inventory,25,20260809,100,1.0,0.0,0.00016505483996297698,0.00018724503053817897
test,inventory,25,20260810,100,1.0,0.0,0.00011516141004904057,0.00011648388815956423
test,inventory,50,20260808,100,1.0,0.0,0.00014950920707633485,0.00023057575526763685
test,inventory,50,20260809,100,1.0,0.0,0.0001836425309375045,0.00020020205949549563
test,inventory,50,20260810,100,1.0,0.0,0.00016108638566947775,0.00017481245202361607
test,inventory,100,20260808,100,0.0,0.0,1.811937345266342,1.0837088018655776
test,inventory,100,20260809,100,0.0,0.0,1.174527920484543,0.7013091295957565
test,inventory,100,20260810,100,0.0,0.0,1.319360002875328,0.7974444949626922
test,order,0,20260808,100,1.0,0.0,8.556200436942163e-05,0.00515046293148771
test,order,0,20260809,100,0.98,0.0,0.0015240362835902488,0.0009968944085630939
test,order,0,20260810,100,0.0,0.0,0.00020792063032786244,0.24012711346149446
test,order,25,20260808,100,1.0,0.0,0.00034319781749218235,0.0005395824965671636
test,order,25,20260809,100,1.0,0.0,0.0002990953713742783,0.0003674557665362954
test,order,25,20260810,100,1.0,0.0,0.00017029228903993497,0.0001672540223080432
test,order,50,20260808,100,1.0,0.0,0.00024980383343063293,0.00036520246678264814
test,order,50,20260809,100,1.0,0.0,0.00029826777456037234,0.00034418036477291026
test,order,50,20260810,100,1.0,0.0,0.0002751384922885336,0.00026175215258263053
test,order,100,20260808,100,0.0,0.0,1.475402403473854,0.8850966584682465
test,order,100,20260809,100,0.0,0.0,0.9111030659079552,0.5470435690879821
test,order,100,20260810,100,0.0,0.0,1.0832670223712921,0.6595368647575378
test,route,0,20260808,100,1.0,0.0,0.0001187692803068785,9.35734551603673e-05
test,route,0,20260809,100,1.0,0.0,0.00010401987758086762,8.569708716095192e-05
test,route,0,20260810,100,0.99,0.0,0.001295548229245469,0.000906467327295104
test,route,25,20260808,100,1.0,0.0,0.0004916350927669555,0.00037627033729222605
test,route,25,20260809,100,1.0,0.0,0.0006494521533022635,0.0004900839371839538
test,route,25,20260810,100,1.0,0.0,0.0003240612284571398,0.00024039695112151093
test,route,50,20260808,100,1.0,0.0,0.0005798147330642678,0.00043219940445851537
test,route,50,20260809,100,1.0,0.0,0.0003886708403297234,0.0003022912518645171
test,route,50,20260810,100,1.0,0.0,0.0003014774026814848,0.00023666916829824912
test,route,100,20260808,100,0.0,0.0,1.2631110501289369,0.8537493503093719
test,route,100,20260809,100,0.0,0.0,0.8917286497354507,0.6025514835119248
test,route,100,20260810,100,0.0,0.0,1.0092324608564376,0.6819374412298203
test,ticket,0,20260808,100,1.0,0.0,5.463205541673233e-05,0.035579021349549295
test,ticket,0,20260809,100,1.0,0.0,7.500486603021273e-05,7.755356051347917e-05
test,ticket,0,20260810,100,0.0,0.0,0.00012700209187187282,0.4802830097079277
test,ticket,25,20260808,100,1.0,0.0,0.0003701040390296839,0.00043660924915457145
test,ticket,25,20260809,100,1.0,0.0,0.0002714821579866111,0.00029911549005191774
test,ticket,25,20260810,100,1.0,0.0,0.000170657370108529,0.00018817396805388852
test,ticket,50,20260808,100,1.0,0.0,0.001418651851126924,0.001020525976200588
test,ticket,50,20260809,100,1.0,0.0,0.0009706312615890056,0.0007499663982889615
test,ticket,50,20260810,100,1.0,0.0,0.0004913872567703947,0.0004103234596550465
test,ticket,100,20260808,100,0.0,0.0,1.5835700255632401,0.9869218969345093
test,ticket,100,20260809,100,0.0,0.0,0.9463274070620536,0.5899488028883934
test,ticket,100,20260810,100,0.0,0.0,1.1596288776397705,0.7340310657024384
