split,family,corruption,seed,records,primary_exact,target_substring,stale_substring
conflict,checksum,0,20260808,100,0.99,0.99,0.0
conflict,checksum,0,20260809,100,1.0,1.0,0.0
conflict,checksum,0,20260810,100,1.0,1.0,0.0
conflict,checksum,25,20260808,100,1.0,1.0,0.0
conflict,checksum,25,20260809,100,1.0,1.0,0.0
conflict,checksum,25,20260810,100,1.0,1.0,0.0
conflict,checksum,50,20260808,100,1.0,1.0,0.0
conflict,checksum,50,20260809,100,1.0,1.0,0.0
conflict,checksum,50,20260810,100,1.0,1.0,0.0
conflict,checksum,100,20260808,100,0.0,0.0,0.0
conflict,checksum,100,20260809,100,0.0,0.0,0.0
conflict,checksum,100,20260810,100,0.0,0.0,0.0
conflict,error,0,20260808,100,1.0,1.0,0.0
conflict,error,0,20260809,100,1.0,1.0,0.0
conflict,error,0,20260810,100,1.0,1.0,0.0
conflict,error,25,20260808,100,1.0,1.0,0.0
conflict,error,25,20260809,100,1.0,1.0,0.0
conflict,error,25,20260810,100,1.0,1.0,0.0
conflict,error,50,20260808,100,1.0,1.0,0.0
conflict,error,50,20260809,100,1.0,1.0,0.0
conflict,error,50,20260810,100,1.0,1.0,0.0
conflict,error,100,20260808,100,0.0,0.0,0.0
conflict,error,100,20260809,100,0.0,0.0,0.0
conflict,error,100,20260810,100,0.0,0.0,0.0
conflict,inventory,0,20260808,100,1.0,1.0,0.0
conflict,inventory,0,20260809,100,1.0,1.0,0.0
conflict,inventory,0,20260810,100,1.0,1.0,0.0
conflict,inventory,25,20260808,100,1.0,1.0,0.0
conflict,inventory,25,20260809,100,1.0,1.0,0.0
conflict,inventory,25,20260810,100,1.0,1.0,0.0
conflict,inventory,50,20260808,100,1.0,1.0,0.0
conflict,inventory,50,20260809,100,1.0,1.0,0.0
conflict,inventory,50,20260810,100,1.0,1.0,0.0
conflict,inventory,100,20260808,100,0.0,0.0,0.0
conflict,inventory,100,20260809,100,0.0,0.0,0.0
conflict,inventory,100,20260810,100,0.0,0.0,0.0
conflict,order,0,20260808,100,1.0,1.0,0.0
conflict,order,0,20260809,100,1.0,1.0,0.0
conflict,order,0,20260810,100,1.0,1.0,0.0
conflict,order,25,20260808,100,1.0,1.0,0.0
conflict,order,25,20260809,100,1.0,1.0,0.0
conflict,order,25,20260810,100,1.0,1.0,0.0
conflict,order,50,20260808,100,1.0,1.0,0.0
conflict,order,50,20260809,100,1.0,1.0,0.0
conflict,order,50,20260810,100,1.0,1.0,0.0
conflict,order,100,20260808,100,0.0,0.0,0.0
conflict,order,100,20260809,100,0.0,0.0,0.0
conflict,order,100,20260810,100,0.0,0.0,0.0
conflict,route,0,20260808,100,1.0,1.0,0.0
conflict,route,0,20260809,100,0.99,0.99,0.0
conflict,route,0,20260810,100,1.0,1.0,0.0
conflict,route,25,20260808,100,1.0,1.0,0.0
conflict,route,25,20260809,100,1.0,1.0,0.0
conflict,route,25,20260810,100,1.0,1.0,0.0
conflict,route,50,20260808,100,1.0,1.0,0.0
conflict,route,50,20260809,100,1.0,1.0,0.0
conflict,route,50,20260810,100,1.0,1.0,0.0
conflict,route,100,20260808,100,0.0,0.0,0.0
conflict,route,100,20260809,100,0.0,0.0,0.0
conflict,route,100,20260810,100,0.0,0.0,0.0
conflict,ticket,0,20260808,100,1.0,1.0,0.0
conflict,ticket,0,20260809,100,1.0,1.0,0.0
conflict,ticket,0,20260810,100,1.0,1.0,0.0
conflict,ticket,25,20260808,100,1.0,1.0,0.0
conflict,ticket,25,20260809,100,1.0,1.0,0.0
conflict,ticket,25,20260810,100,1.0,1.0,0.0
conflict,ticket,50,20260808,100,1.0,1.0,0.0
conflict,ticket,50,20260809,100,1.0,1.0,0.0
conflict,ticket,50,20260810,100,1.0,1.0,0.0
conflict,ticket,100,20260808,100,0.0,0.0,0.0
conflict,ticket,100,20260809,100,0.0,0.0,0.0
conflict,ticket,100,20260810,100,0.0,0.0,0.0
test,checksum,0,20260808,100,1.0,1.0,0.0
test,checksum,0,20260809,100,0.99,0.99,0.0
test,checksum,0,20260810,100,0.69,0.98,0.0
test,checksum,25,20260808,100,1.0,1.0,0.0
test,checksum,25,20260809,100,1.0,1.0,0.0
test,checksum,25,20260810,100,1.0,1.0,0.0
test,checksum,50,20260808,100,1.0,1.0,0.0
test,checksum,50,20260809,100,1.0,1.0,0.0
test,checksum,50,20260810,100,1.0,1.0,0.0
test,checksum,100,20260808,100,0.0,0.0,0.0
test,checksum,100,20260809,100,0.0,0.0,0.0
test,checksum,100,20260810,100,0.0,0.0,0.0
test,error,0,20260808,100,0.99,1.0,0.0
test,error,0,20260809,100,1.0,1.0,0.0
test,error,0,20260810,100,0.0,1.0,0.0
test,error,25,20260808,100,1.0,1.0,0.0
test,error,25,20260809,100,1.0,1.0,0.0
test,error,25,20260810,100,1.0,1.0,0.0
test,error,50,20260808,100,1.0,1.0,0.0
test,error,50,20260809,100,1.0,1.0,0.0
test,error,50,20260810,100,1.0,1.0,0.0
test,error,100,20260808,100,0.0,0.0,0.0
test,error,100,20260809,100,0.0,0.0,0.0
test,error,100,20260810,100,0.0,0.0,0.0
test,inventory,0,20260808,100,1.0,1.0,0.0
test,inventory,0,20260809,100,1.0,1.0,0.0
test,inventory,0,20260810,100,0.27,1.0,0.0
test,inventory,25,20260808,100,1.0,1.0,0.0
test,inventory,25,20260809,100,1.0,1.0,0.0
test,inventory,25,20260810,100,1.0,1.0,0.0
test,inventory,50,20260808,100,1.0,1.0,0.0
test,inventory,50,20260809,100,1.0,1.0,0.0
test,inventory,50,20260810,100,1.0,1.0,0.0
test,inventory,100,20260808,100,0.0,0.0,0.0
test,inventory,100,20260809,100,0.0,0.0,0.0
test,inventory,100,20260810,100,0.0,0.0,0.0
test,order,0,20260808,100,1.0,1.0,0.0
test,order,0,20260809,100,0.98,0.98,0.0
test,order,0,20260810,100,0.0,0.95,0.0
test,order,25,20260808,100,1.0,1.0,0.0
test,order,25,20260809,100,1.0,1.0,0.0
test,order,25,20260810,100,1.0,1.0,0.0
test,order,50,20260808,100,1.0,1.0,0.0
test,order,50,20260809,100,1.0,1.0,0.0
test,order,50,20260810,100,1.0,1.0,0.0
test,order,100,20260808,100,0.0,0.0,0.0
test,order,100,20260809,100,0.0,0.0,0.0
test,order,100,20260810,100,0.0,0.0,0.0
test,route,0,20260808,100,1.0,1.0,0.0
test,route,0,20260809,100,1.0,1.0,0.0
test,route,0,20260810,100,0.99,0.99,0.0
test,route,25,20260808,100,1.0,1.0,0.0
test,route,25,20260809,100,1.0,1.0,0.0
test,route,25,20260810,100,1.0,1.0,0.0
test,route,50,20260808,100,1.0,1.0,0.0
test,route,50,20260809,100,1.0,1.0,0.0
test,route,50,20260810,100,1.0,1.0,0.0
test,route,100,20260808,100,0.0,0.0,0.0
test,route,100,20260809,100,0.0,0.0,0.0
test,route,100,20260810,100,0.0,0.0,0.0
test,ticket,0,20260808,100,1.0,1.0,0.0
test,ticket,0,20260809,100,1.0,1.0,0.0
test,ticket,0,20260810,100,0.0,1.0,0.0
test,ticket,25,20260808,100,1.0,1.0,0.0
test,ticket,25,20260809,100,1.0,1.0,0.0
test,ticket,25,20260810,100,1.0,1.0,0.0
test,ticket,50,20260808,100,1.0,1.0,0.0
test,ticket,50,20260809,100,1.0,1.0,0.0
test,ticket,50,20260810,100,1.0,1.0,0.0
test,ticket,100,20260808,100,0.0,0.0,0.0
test,ticket,100,20260809,100,0.0,0.0,0.0
test,ticket,100,20260810,100,0.0,0.0,0.0
