stratum,corpus,policy,max_length,total_conversations_primary,trained_units_primary,unsupported_units_primary,conditional_prevalence_primary,affected_conversations_primary,conversation_incidence_primary,nominal_objective_exposure_primary,processed_objective_exposure_primary,supervised_token_retention_primary,total_conversations_strict,trained_units_strict,unsupported_units_strict,conditional_prevalence_strict,affected_conversations_strict,conversation_incidence_strict,nominal_objective_exposure_strict,processed_objective_exposure_strict,supervised_token_retention_strict,delta_conditional_percentage_points,delta_nominal_objective_percentage_points
all_admitted,glaive,bfd_split,256,5000,6645,1900,0.2859292701279157,1718,0.3436,0.0496634017897253,0.0498335918979078,0.9965848316025224,5000,6479,1893,0.2921747183207285,1711,0.3422,0.0481041962467578,0.0482690431575258,0.9965848316025224,0.6245448192812808,-0.15592055429675053
all_admitted,glaive,bfd_split,512,5000,6698,431,0.0643475664377426,430,0.086,0.012237550129032,0.01224636456561,0.999280240553772,5000,6532,430,0.0658297611757501,429,0.0858,0.0119309555585431,0.0119395491618361,0.999280240553772,0.14821947380074946,-0.03065945704888995
all_admitted,glaive,bfd_split,1024,5000,6713,1,0.0001489646953671,1,0.0002,0.0001032912189347,0.0001032913882854,0.9999983604568424,5000,6547,1,0.000152741713762,1,0.0002,0.0001032912189347,0.0001032913882854,0.9999983604568424,0.0003777018394899998,0.0
all_admitted,glaive,bfd_split,2048,5000,6713,0,0.0,0,0.0,0.0,0.0,1.0,5000,6547,0,0.0,0,0.0,0.0,0.0,1.0,0.0,0.0
all_admitted,glaive,bfd_split,4096,5000,6713,0,0.0,0,0.0,0.0,0.0,1.0,5000,6547,0,0.0,0,0.0,0.0,0.0,1.0,0.0,0.0
all_admitted,glaive,bfd_split,8192,5000,6713,0,0.0,0,0.0,0.0,0.0,1.0,5000,6547,0,0.0,0,0.0,0.0,0.0,1.0,0.0,0.0
all_admitted,glaive,wrapped_single_batch,256,5000,6606,1565,0.2369058431728731,1432,0.2864,0.040572134980309,0.0407293291988439,0.996140515406787,5000,6442,1541,0.2392114250232846,1409,0.2818,0.0392080350731072,0.0393599441712258,0.996140515406787,0.23055818504114922,-0.13640999072018004
all_admitted,glaive,wrapped_single_batch,512,5000,6654,826,0.1241358581304478,826,0.1652,0.02094352429639,0.020983811221263,0.9980800949623396,5000,6489,810,0.1248266296809986,810,0.162,0.0201778576417467,0.020216671731649,0.9980800949623396,0.06907715505508061,-0.07656666546432996
all_admitted,glaive,wrapped_single_batch,1024,5000,6686,399,0.0596769368830391,399,0.0798,0.0100389227545636,0.0100483462814718,0.9990621813137988,5000,6521,393,0.0602668302407606,393,0.0786,0.0096618278282939,0.009670897376566,0.9990621813137988,0.05898933577214993,-0.03770949262696995
all_admitted,glaive,wrapped_single_batch,2048,5000,6700,183,0.0273134328358208,183,0.0366,0.0048661640920373,0.0048683351540381,0.999554044261107,5000,6535,180,0.0275439938791124,180,0.036,0.0046972911467948,0.0046993868653367,0.999554044261107,0.023056104329160013,-0.016887294524249932
all_admitted,glaive,wrapped_single_batch,4096,5000,6706,92,0.0137190575603936,92,0.0184,0.0026740948901997,0.0026747395367829,0.9997589871558188,5000,6541,91,0.0139122458339703,91,0.0182,0.0025986759049458,0.0025993023702029,0.9997589871558188,0.019318827357669988,-0.007541898525390001
all_admitted,glaive,wrapped_single_batch,8192,5000,6711,49,0.0073014453881686,49,0.0098,0.0014280420903519,0.0014282317638088,0.9998671970042268,5000,6545,48,0.0073338426279602,48,0.0096,0.0014231234608788,0.0014233124810402,0.9998671970042268,0.0032397239791599752,-0.000491862947309997
all_admitted,retool,bfd_split,256,2000,1600,519,0.324375,479,0.2395,0.0018780915063696,0.0018853623649833,0.996143521930446,2000,1575,514,0.3263492063492063,475,0.2375,0.0018665531370015,0.001873779325879,0.996143521930446,0.19742063492062534,-0.0011538369368100081
all_admitted,retool,bfd_split,512,2000,1606,315,0.1961394769613947,301,0.1505,0.0012541319936201,0.0012567357955354,0.997928123059372,2000,1578,313,0.1983523447401774,299,0.1495,0.0012485107367485,0.0012511028679309,0.997928123059372,0.22128677787827122,-0.000562125687159987
all_admitted,retool,bfd_split,1024,2000,1608,232,0.1442786069651741,227,0.1135,0.0009230695494444,0.0009239026952788,0.9990982320555428,2000,1580,231,0.1462025316455696,226,0.113,0.0009201109931962,0.0009209414686913,0.9990982320555428,0.19239246803954835,-0.00029585562482000154
all_admitted,retool,bfd_split,2048,2000,1610,89,0.05527950310559,88,0.044,0.0004292865116166,0.000429402754333,0.999729292103288,2000,1581,88,0.0556609740670461,87,0.0435,0.0004263279553684,0.0004264433969634,0.999729292103288,0.03814709614560971,-0.00029585562482000154
all_admitted,retool,bfd_split,4096,2000,1611,13,0.0080695220360024,13,0.0065,6.360895933671535e-05,6.361238459160109e-05,0.9999461542762824,2000,1582,13,0.0082174462705436,13,0.0065,6.360895933671535e-05,6.361238459160109e-05,0.9999461542762824,0.014792423454119963,0.0
all_admitted,retool,bfd_split,8192,2000,1611,2,0.0012414649286157,2,0.001,6.508823746082502e-06,6.508866111144806e-06,0.999993491176254,2000,1582,2,0.0012642225031605,2,0.001,6.508823746082502e-06,6.508866111144806e-06,0.999993491176254,0.002275757454479996,0.0
all_admitted,retool,wrapped_single_batch,256,2000,1605,545,0.3395638629283489,498,0.249,0.0019174403044709,0.001924923527282,0.99611245708984,2000,1577,538,0.341154090044388,492,0.246,0.0018955469882341,0.0019029447676741,0.99611245708984,0.15902271160391224,-0.0021893316236800027
all_admitted,retool,wrapped_single_batch,512,2000,1606,325,0.2023661270236612,308,0.154,0.0013434803923163,0.0013460953009387,0.9980574119674192,2000,1577,321,0.2035510462904248,304,0.152,0.0013354922904462,0.0013380916512744,0.9980574119674192,0.11849192667636177,-0.0007988101870100035
all_admitted,retool,wrapped_single_batch,1024,2000,1610,190,0.1180124223602484,185,0.0925,0.0008668569807282,0.0008676951470076,0.9990340313849564,2000,1581,188,0.1189120809614168,183,0.0915,0.0008609398682318,0.0008617723132397,0.9990340313849564,0.08996586011683905,-0.0005917112496400031
all_admitted,retool,wrapped_single_batch,2048,2000,1610,113,0.0701863354037267,112,0.056,0.0005911195383942,0.0005914066657865,0.9995145009196672,2000,1581,112,0.0708412397216951,111,0.0555,0.000588160982146,0.0005884466724643,0.9995145009196672,0.06549043179684133,-0.00029585562482000154
all_admitted,retool,wrapped_single_batch,4096,2000,1611,62,0.0384854127870887,62,0.031,0.0002499980029745,0.0002500592596056,0.9997550315426474,2000,1582,62,0.0391908975979772,62,0.031,0.0002499980029745,0.0002500592596056,0.9997550315426474,0.07054848108884945,0.0
all_admitted,retool,wrapped_single_batch,8192,2000,1611,29,0.0180012414649286,29,0.0145,0.0001056204580614,0.0001056331151827,0.9998801784719472,2000,1582,29,0.018331226295828,29,0.0145,0.0001056204580614,0.0001056331151827,0.9998801784719472,0.03299848308993998,0.0
all_admitted,toolace,bfd_split,256,11300,906,556,0.6136865342163356,446,0.0394690265486725,0.029958104811696,0.0300744298697718,0.9961320943213376,11300,896,551,0.6149553571428571,442,0.0391150442477876,0.0297102169339474,0.0298255794621184,0.9961320943213376,0.1268822926521529,-0.02478878777486017
all_admitted,toolace,bfd_split,512,11300,913,353,0.3866374589266155,302,0.0267256637168141,0.0208866906647775,0.0209296050912859,0.9979495825974162,11300,902,350,0.3880266075388026,300,0.0265486725663716,0.0207851848527684,0.0208278907223647,0.9979495825974162,0.13891486121870855,-0.010150581200910058
all_admitted,toolace,bfd_split,1024,11300,916,240,0.2620087336244541,224,0.0198230088495575,0.0147311645280994,0.014742852865537,0.9992071861840972,11300,905,239,0.2640883977900553,223,0.0197345132743362,0.0146382065739437,0.0146498211545556,0.9992071861840972,0.20796641656011805,-0.009295795415570005
all_admitted,toolace,bfd_split,2048,11300,918,43,0.0468409586056644,40,0.0035398230088495,0.0041745600791531,0.0041748678724309,0.9999262747260144,11300,906,43,0.0474613686534216,40,0.0035398230088495,0.0041702861502264,0.0041705936283844,0.9999262747260144,0.06204100477571958,-0.0004273928926699401
all_admitted,toolace,bfd_split,4096,11300,918,3,0.0032679738562091,3,0.0002654867256637,0.0002136964463349,0.0002136971313297,0.9999967945533048,11300,906,3,0.0033112582781456,3,0.0002654867256637,0.0002136964463349,0.0002136971313297,0.9999967945533048,0.004328442193649983,0.0
all_admitted,toolace,bfd_split,8192,11300,918,0,0.0,0,0.0,0.0,0.0,1.0,11300,906,0,0.0,0,0.0,0.0,0.0,1.0,0.0,0.0
all_admitted,toolace,wrapped_single_batch,256,11300,911,564,0.6190998902305159,454,0.0401769911504424,0.0304912774453017,0.0306114786877086,0.9960733277985954,11300,899,561,0.6240266963292548,451,0.0399115044247787,0.030178212151421,0.0302971792429352,0.9960733277985954,0.4926806098738856,-0.03130652938806988
all_admitted,toolace,wrapped_single_batch,512,11300,913,360,0.3943044906900328,314,0.027787610619469,0.0211612905983179,0.0212029531040566,0.9980350611759502,11300,901,357,0.3962264150943396,312,0.0276106194690265,0.0210490999639921,0.0210905415879786,0.9980350611759502,0.1921924404306774,-0.011219063432580181
all_admitted,toolace,wrapped_single_batch,1024,11300,915,216,0.2360655737704918,201,0.017787610619469,0.0131284411805873,0.013141162415869,0.9990319550981028,11300,903,214,0.2369878183831672,200,0.0176991150442477,0.0130557843888335,0.0130684352209248,0.9990319550981028,0.09222446126753991,-0.007265679175380048
all_admitted,toolace,wrapped_single_batch,2048,11300,916,115,0.1255458515283842,114,0.0100884955752212,0.0059941853196952,0.0059971777986829,0.999501018797808,11300,904,115,0.1272123893805309,114,0.0100884955752212,0.0059781580862201,0.0059811425639271,0.999501018797808,0.16665378521466823,-0.0016027233475099552
all_admitted,toolace,wrapped_single_batch,4096,11300,917,59,0.064340239912759,59,0.005221238938053,0.0032129260706459,0.0032137364522358,0.9997478381933248,11300,905,59,0.0651933701657458,59,0.005221238938053,0.0031819400859273,0.0031827426520646,0.9997478381933248,0.08531302529868057,-0.003098598471859993
all_admitted,toolace,wrapped_single_batch,8192,11300,918,27,0.0294117647058823,27,0.0023893805309734,0.0010161266023226,0.0010162655926238,0.9998632342743456,11300,906,27,0.0298013245033112,27,0.0023893805309734,0.0010107841911642,0.0010109224507068,0.9998632342743456,0.038955979742889835,-0.0005342411158400055
exclude_numeric_only,glaive,bfd_split,256,5000,4526,1505,0.3325231992929739,1331,0.2662,0.0449136452618842,0.0450675585636422,0.9965848316025224,5000,4342,1495,0.344311377245509,1321,0.2642,0.0433478815462859,0.043496429176613,0.9965848316025224,1.1788177952535062,-0.15657637155982937
exclude_numeric_only,glaive,bfd_split,512,5000,4575,362,0.0791256830601093,361,0.0722,0.0110521604260188,0.0110601210526229,0.999280240553772,5000,4390,359,0.0817767653758542,358,0.0716,0.0107390076828992,0.0107467427525115,0.999280240553772,0.26510823157449015,-0.03131527431195994
exclude_numeric_only,glaive,bfd_split,1024,5000,4588,1,0.0002179598953792,1,0.0002,0.0001032912189347,0.0001032913882854,0.9999983604568424,5000,4403,1,0.0002271178741766,1,0.0002,0.0001032912189347,0.0001032913882854,0.9999983604568424,0.000915797879739999,0.0
exclude_numeric_only,glaive,bfd_split,2048,5000,4588,0,0.0,0,0.0,0.0,0.0,1.0,5000,4403,0,0.0,0,0.0,0.0,0.0,1.0,0.0,0.0
exclude_numeric_only,glaive,bfd_split,4096,5000,4588,0,0.0,0,0.0,0.0,0.0,1.0,5000,4403,0,0.0,0,0.0,0.0,0.0,1.0,0.0,0.0
exclude_numeric_only,glaive,bfd_split,8192,5000,4588,0,0.0,0,0.0,0.0,0.0,1.0,5000,4403,0,0.0,0,0.0,0.0,0.0,1.0,0.0,0.0
exclude_numeric_only,glaive,wrapped_single_batch,256,5000,4501,1225,0.2721617418351477,1101,0.2202,0.0361896361197915,0.0363298506185275,0.996140515406787,5000,4319,1198,0.2773790229219727,1075,0.215,0.0348222571262743,0.0349571737999776,0.996140515406787,0.521728108682501,-0.13673789935172015
exclude_numeric_only,glaive,wrapped_single_batch,512,5000,4541,654,0.1440211407179035,654,0.1308,0.0185596285451021,0.0185953298124861,0.9980800949623396,5000,4357,636,0.1459719990819371,636,0.1272,0.0177906828041434,0.0178249049289122,0.9980800949623396,0.19508583640335808,-0.07689457409587007
exclude_numeric_only,glaive,wrapped_single_batch,1024,5000,4567,317,0.0694109918984015,317,0.0634,0.008883044828389,0.0088913833338256,0.9990621813137988,5000,4383,310,0.0707278120009126,310,0.062,0.0085026708158038,0.0085106522645293,0.9990621813137988,0.1316820102511107,-0.038037401258519954
exclude_numeric_only,glaive,wrapped_single_batch,2048,5000,4578,144,0.0314547837483617,144,0.0288,0.0043005217026327,0.0043024404006206,0.999554044261107,5000,4394,140,0.0318616294947655,140,0.028,0.0041316487573902,0.0041334921119192,0.999554044261107,0.04068457464038028,-0.01688729452425002
exclude_numeric_only,glaive,wrapped_single_batch,4096,5000,4582,73,0.0159319074639895,73,0.0146,0.0023789771218147,0.0023795506240785,0.9997589871558188,5000,4398,71,0.0161437016825829,71,0.0142,0.0023035581365608,0.0023041134574985,0.9997589871558188,0.02117942185933981,-0.007541898525390001
exclude_numeric_only,glaive,wrapped_single_batch,8192,5000,4586,38,0.0082860880941997,38,0.0076,0.0012329364545862,0.0012331002139888,0.9998671970042268,5000,4401,37,0.0084071801863212,37,0.0074,0.0012280178251132,0.0012281809312202,0.9998671970042268,0.01210920921214994,-0.0004918629473000006
exclude_numeric_only,toolace,bfd_split,256,11300,765,474,0.6196078431372549,389,0.0344247787610619,0.0233174877418375,0.0234080277854351,0.9961320943213376,11300,751,465,0.6191744340878829,382,0.0338053097345132,0.023066394417394,0.0231559594845793,0.9961320943213376,-0.04334090493720577,-0.02510933244435007
exclude_numeric_only,toolace,bfd_split,512,11300,773,297,0.3842173350582147,259,0.0229203539823008,0.0161554513429218,0.0161886448219891,0.9979495825974162,11300,759,292,0.3847167325428195,255,0.0225663716814159,0.0160507400842177,0.0160837184203651,0.9979495825974162,0.049939748460481326,-0.01047112587041002
exclude_numeric_only,toolace,bfd_split,1024,11300,775,208,0.2683870967741935,195,0.0172566371681415,0.0116325660562427,0.0116417958328209,0.9992071861840972,11300,761,205,0.2693823915900131,192,0.0169911504424778,0.011536402655392,0.0115455561318056,0.9992071861840972,0.0995294815819614,-0.009616340085069966
exclude_numeric_only,toolace,bfd_split,2048,11300,778,38,0.0488431876606683,36,0.0031858407079646,0.0031979673194024,0.0031982031078028,0.9999262747260144,11300,763,38,0.0498034076015727,36,0.0031858407079646,0.0031936933904757,0.0031939288637563,0.9999262747260144,0.09602199409044013,-0.00042739289266998347
exclude_numeric_only,toolace,bfd_split,4096,11300,778,2,0.0025706940874035,2,0.0001769911504424,0.0001239439388742,0.0001239443361712,0.9999967945533048,11300,763,2,0.0026212319790301,2,0.0001769911504424,0.0001239439388742,0.0001239443361712,0.9999967945533048,0.005053789162660005,0.0
exclude_numeric_only,toolace,bfd_split,8192,11300,778,0,0.0,0,0.0,0.0,0.0,1.0,11300,763,0,0.0,0,0.0,0.0,0.0,1.0,0.0,0.0
exclude_numeric_only,toolace,wrapped_single_batch,256,11300,772,478,0.6191709844559585,398,0.035221238938053,0.0236433748224983,0.0237365805936719,0.9960733277985954,11300,757,472,0.6235138705416117,393,0.0347787610619469,0.0233271040819226,0.0234190630658462,0.9960733277985954,0.43428860856531415,-0.03162707405757019
exclude_numeric_only,toolace,wrapped_single_batch,512,11300,774,308,0.3979328165374677,277,0.0245132743362831,0.0164364621698523,0.0164688223983692,0.9980350611759502,11300,759,301,0.3965744400527009,272,0.0240707964601769,0.0163210660888314,0.0163531991246889,0.9980350611759502,-0.13583764847667767,-0.011539608102090204
exclude_numeric_only,toolace,wrapped_single_batch,1024,11300,776,183,0.2358247422680412,172,0.015221238938053,0.0101559236120682,0.010165764528594,0.9990319550981028,11300,761,179,0.2352168199737188,169,0.0149557522123893,0.0100832668203144,0.0100930373336499,0.9990319550981028,-0.06079222943224105,-0.007265679175380048
exclude_numeric_only,toolace,wrapped_single_batch,2048,11300,776,94,0.1211340206185567,94,0.0083185840707964,0.0044822829618754,0.0044845206533823,0.999501018797808,11300,761,93,0.1222076215505913,93,0.0082300884955752,0.0044662557284003,0.0044684854186265,0.999501018797808,0.10736009320345963,-0.001602723347510042
exclude_numeric_only,toolace,wrapped_single_batch,4096,11300,777,48,0.0617760617760617,48,0.0042477876106194,0.0024147698435848,0.0024153789098946,0.9997478381933248,11300,762,47,0.0616797900262467,47,0.0041592920353982,0.0023837838588663,0.0023843851097233,0.9997478381933248,-0.00962717498150037,-0.003098598471849975
exclude_numeric_only,toolace,wrapped_single_batch,8192,11300,778,21,0.0269922879177377,21,0.001858407079646,0.0006902395216618,0.0006903339356835,0.9998632342743456,11300,763,21,0.0275229357798165,21,0.001858407079646,0.0006848971105035,0.0006849907937664,0.9998632342743456,0.053064786207880285,-0.0005342411158299983
length_ge_10,glaive,bfd_split,256,5000,3557,1320,0.3710992409333708,1162,0.2324,0.0412771385381177,0.0414185899977461,0.9965848316025224,5000,3371,1317,0.3906852566004153,1158,0.2316,0.0397408865993579,0.0398770735206295,0.9965848316025224,1.9586015667044487,-0.15362519387598014
length_ge_10,glaive,bfd_split,512,5000,3606,304,0.0843039378813089,303,0.0606,0.0099749805714135,0.009982165329203,0.999280240553772,5000,3420,304,0.0888888888888888,303,0.0606,0.0096700255440823,0.0096769906495134,0.999280240553772,0.4584951007579899,-0.030495502733119892
length_ge_10,glaive,bfd_split,1024,5000,3622,1,0.0002760905577029,1,0.0002,9.83725894616724e-05,9.83727507480428e-05,0.9999983604568424,5000,3435,1,0.0002911208151382,1,0.0002,9.83725894616724e-05,9.83727507480428e-05,0.9999983604568424,0.001503025743529999,0.0
length_ge_10,glaive,bfd_split,2048,5000,3622,0,0.0,0,0.0,0.0,0.0,1.0,5000,3435,0,0.0,0,0.0,0.0,0.0,1.0,0.0,0.0
length_ge_10,glaive,bfd_split,4096,5000,3622,0,0.0,0,0.0,0.0,0.0,1.0,5000,3435,0,0.0,0,0.0,0.0,0.0,1.0,0.0,0.0
length_ge_10,glaive,bfd_split,8192,5000,3622,0,0.0,0,0.0,0.0,0.0,1.0,5000,3435,0,0.0,0,0.0,0.0,0.0,1.0,0.0,0.0
length_ge_10,glaive,wrapped_single_batch,256,5000,3530,1035,0.2932011331444759,925,0.185,0.0331991094001567,0.0333277372887493,0.996140515406787,5000,3347,1010,0.3017627726322079,900,0.18,0.0318481258382164,0.0319715194248582,0.996140515406787,0.8561639487732031,-0.13509835619403
length_ge_10,glaive,wrapped_single_batch,512,5000,3575,545,0.1524475524475524,545,0.109,0.0168823758947806,0.0169148508020468,0.9980800949623396,5000,3389,528,0.1557981705517852,528,0.1056,0.0161363837580296,0.0161674236761915,0.9980800949623396,0.33506181042327887,-0.07459921367509968
length_ge_10,glaive,wrapped_single_batch,1024,5000,3598,264,0.0733740967204002,264,0.0528,0.0080632732495417,0.0080708422362042,0.9990621813137988,5000,3412,258,0.0756154747948417,258,0.0516,0.0076779806074835,0.0076851879203221,0.9990621813137988,0.22413780744414968,-0.03852926420582006
length_ge_10,glaive,wrapped_single_batch,2048,5000,3611,122,0.033785654943229,122,0.0244,0.0039562176395169,0.0039579827246274,0.999554044261107,5000,3425,119,0.0347445255474452,119,0.0238,0.0037840656079589,0.0037857538866307,0.999554044261107,0.09588706042161985,-0.01721520315580002
length_ge_10,glaive,wrapped_single_batch,4096,5000,3616,62,0.017146017699115,62,0.0124,0.0021953482881529,0.0021958775228402,0.9997589871558188,5000,3430,60,0.0174927113702623,60,0.012,0.0021215688460567,0.0021220802946641,0.9997589871558188,0.034669367114729954,-0.0073779442096200305
length_ge_10,glaive,wrapped_single_batch,8192,5000,3620,33,0.0091160220994475,33,0.0066,0.00118047107354,0.0011806278644573,0.9998671970042268,5000,3433,32,0.0093212933294494,32,0.0064,0.0011755524440669,0.0011757085816887,0.9998671970042268,0.02052712300018994,-0.000491862947309997
length_ge_10,retool,bfd_split,256,2000,30,6,0.2,5,0.0025,2.04140381127133e-05,2.0493069184601568e-05,0.996143521930446,2000,14,3,0.2142857142857142,3,0.0015,1.242593624252114e-05,1.2474042112366172e-05,0.996143521930446,1.428571428571418,-0.0007988101870192161
length_ge_10,retool,bfd_split,512,2000,33,1,0.0303030303030303,1,0.0005,2.958556248219319e-06,2.96469873917292e-06,0.997928123059372,2000,14,0,0.0,0,0.0,0.0,0.0,0.997928123059372,-3.03030303030303,-0.0002958556248219319
length_ge_10,retool,bfd_split,1024,2000,33,1,0.0303030303030303,1,0.0005,2.958556248219319e-06,2.96122658743214e-06,0.9990982320555428,2000,14,0,0.0,0,0.0,0.0,0.0,0.9990982320555428,-3.03030303030303,-0.0002958556248219319
length_ge_10,retool,bfd_split,2048,2000,33,1,0.0303030303030303,1,0.0005,2.958556248219319e-06,2.9593573696284703e-06,0.999729292103288,2000,14,0,0.0,0,0.0,0.0,0.0,0.999729292103288,-3.03030303030303,-0.0002958556248219319
length_ge_10,retool,bfd_split,4096,2000,33,0,0.0,0,0.0,0.0,0.0,0.9999461542762824,2000,14,0,0.0,0,0.0,0.0,0.0,0.9999461542762824,0.0,0.0
length_ge_10,retool,bfd_split,8192,2000,33,0,0.0,0,0.0,0.0,0.0,0.999993491176254,2000,14,0,0.0,0,0.0,0.0,0.0,0.999993491176254,0.0,0.0
length_ge_10,retool,wrapped_single_batch,256,2000,33,8,0.2424242424242424,6,0.003,3.106484060630285e-05,3.118607782203561e-05,0.99611245708984,2000,14,4,0.2857142857142857,3,0.0015,1.568034811556239e-05,1.574154404350369e-05,0.99611245708984,4.32900432900433,-0.0015384492490740458
length_ge_10,retool,wrapped_single_batch,512,2000,33,4,0.1212121212121212,4,0.002,1.1834224992877276e-05,1.1857258761847256e-05,0.9980574119674192,2000,14,2,0.1428571428571428,2,0.001,5.917112496438638e-06,5.928629380923627e-06,0.9980574119674192,2.164502164502159,-0.0005917112496438638
length_ge_10,retool,wrapped_single_batch,1024,2000,33,3,0.0909090909090909,3,0.0015,8.875668744657956e-06,8.884250651955927e-06,0.9990340313849564,2000,14,1,0.0714285714285714,1,0.0005,2.958556248219319e-06,2.961416883985309e-06,0.9990340313849564,-1.94805194805195,-0.0005917112496438637
length_ge_10,retool,wrapped_single_batch,2048,2000,33,2,0.0606060606060606,2,0.001,5.917112496438638e-06,5.91998664451013e-06,0.9995145009196672,2000,14,1,0.0714285714285714,1,0.0005,2.958556248219319e-06,2.959993322255065e-06,0.9995145009196672,1.0822510822510796,-0.0002958556248219319
length_ge_10,retool,wrapped_single_batch,4096,2000,33,1,0.0303030303030303,1,0.0005,2.958556248219319e-06,2.9592811787645534e-06,0.9997550315426474,2000,14,1,0.0714285714285714,1,0.0005,2.958556248219319e-06,2.9592811787645534e-06,0.9997550315426474,4.112554112554109,0.0
length_ge_10,retool,wrapped_single_batch,8192,2000,33,1,0.0303030303030303,1,0.0005,2.958556248219319e-06,2.958910789431481e-06,0.9998801784719472,2000,14,1,0.0714285714285714,1,0.0005,2.958556248219319e-06,2.958910789431481e-06,0.9998801784719472,4.112554112554109,0.0
length_ge_10,toolace,bfd_split,256,11300,633,411,0.6492890995260664,337,0.0298230088495575,0.0200821235443265,0.0201601009131308,0.9961320943213376,11300,621,403,0.6489533011272142,332,0.0293805309734513,0.0198427835244313,0.0199198315540171,0.9961320943213376,-0.03357983988522273,-0.023934001989520115
length_ge_10,toolace,bfd_split,512,11300,644,261,0.4052795031055901,226,0.02,0.0139383507121968,0.013966988869236,0.9979495825974162,11300,631,254,0.4025356576862123,222,0.019646017699115,0.0138197491844809,0.0138481436592333,0.9979495825974162,-0.2743845419377777,-0.011860152771589992
length_ge_10,toolace,bfd_split,1024,11300,646,181,0.2801857585139319,169,0.0149557522123893,0.0100854037847777,0.0100934059764854,0.9992071861840972,11300,633,178,0.2812006319115324,166,0.0146902654867256,0.0099903088661587,0.0099982356054813,0.9992071861840972,0.10148733976004798,-0.0095094918618999
length_ge_10,toolace,bfd_split,2048,11300,650,33,0.0507692307692307,31,0.0027433628318584,0.0025664943204826,0.0025666835499306,0.9999262747260144,11300,637,33,0.0518053375196232,31,0.0027433628318584,0.0025643573560193,0.0025645464279073,0.9999262747260144,0.10361067503925,-0.00021369644632998272
length_ge_10,toolace,bfd_split,4096,11300,650,2,0.003076923076923,2,0.0001769911504424,5.556107604708588e-05,5.556125414572435e-05,0.9999967945533048,11300,637,2,0.0031397174254317,2,0.0001769911504424,5.556107604708588e-05,5.556125414572435e-05,0.9999967945533048,0.0062794348508699895,0.0
length_ge_10,toolace,bfd_split,8192,11300,650,0,0.0,0,0.0,0.0,0.0,1.0,11300,637,0,0.0,0,0.0,0.0,0.0,1.0,0.0,0.0
length_ge_10,toolace,wrapped_single_batch,256,11300,642,417,0.6495327102803738,350,0.0309734513274336,0.0204261748229257,0.0205066979035261,0.9960733277985954,11300,629,409,0.6502384737678856,344,0.0304424778761061,0.0201280682802885,0.0202074161796634,0.9960733277985954,0.07057634875117236,-0.02981065426372019
length_ge_10,toolace,wrapped_single_batch,512,11300,646,272,0.4210526315789473,247,0.021858407079646,0.014407414411902,0.0144357798361575,0.9980350611759502,11300,633,267,0.4218009478672986,243,0.021504424778761,0.0142877444019544,0.0143158742190076,0.9980350611759502,0.07483162883513139,-0.011967000994760058
length_ge_10,toolace,wrapped_single_batch,1024,11300,648,161,0.2484567901234567,152,0.0134513274336283,0.0088171153757798,0.0088256590099903,0.9990319550981028,11300,635,158,0.2488188976377952,150,0.0132743362831858,0.0087583488530377,0.0087668355434913,0.9990319550981028,0.03621075143384889,-0.005876652274209963
length_ge_10,toolace,wrapped_single_batch,2048,11300,648,80,0.1234567901234567,80,0.0070796460176991,0.0040634379270589,0.0040654665184298,0.999501018797808,11300,635,81,0.1275590551181102,81,0.0071681415929203,0.0040463422113521,0.0040483622680236,0.999501018797808,0.4102264994653493,-0.0017095715706799339
length_ge_10,toolace,wrapped_single_batch,4096,11300,649,43,0.0662557781201849,43,0.0038053097345132,0.0021572656257512,0.0021578097429545,0.9997478381933248,11300,636,43,0.0676100628930817,43,0.0038053097345132,0.0021326905344227,0.0021332284531635,0.9997478381933248,0.13542847728967994,-0.002457509132850009
length_ge_10,toolace,wrapped_single_batch,8192,11300,650,21,0.0323076923076923,21,0.001858407079646,0.0006913080038935,0.0006914025640669,0.9998632342743456,11300,637,21,0.0329670329670329,21,0.001858407079646,0.0006891710394301,0.0006892653073001,0.9998632342743456,0.06593406593405973,-0.00021369644634000075
length_ge_20,glaive,bfd_split,256,5000,2087,877,0.4202204120747484,778,0.1556,0.0342418588484504,0.0343592013069164,0.9965848316025224,5000,1905,865,0.4540682414698163,767,0.1534,0.032746595488633,0.032858813871345,0.9965848316025224,3.3847829395067865,-0.14952633598174017
length_ge_20,glaive,bfd_split,512,5000,2129,200,0.0939408172851103,199,0.0398,0.0082075530474188,0.0082134647662706,0.999280240553772,5000,1948,199,0.1021560574948665,198,0.0396,0.0078976793906146,0.0079033679143279,0.999280240553772,0.8215240209756197,-0.03098736568042
length_ge_20,glaive,bfd_split,1024,5000,2148,1,0.0004655493482309,1,0.0002,9.83725894616724e-05,9.83727507480428e-05,0.9999983604568424,5000,1966,1,0.0005086469989827,1,0.0002,9.83725894616724e-05,9.83727507480428e-05,0.9999983604568424,0.004309765075180002,0.0
length_ge_20,glaive,bfd_split,2048,5000,2148,0,0.0,0,0.0,0.0,0.0,1.0,5000,1966,0,0.0,0,0.0,0.0,0.0,1.0,0.0,0.0
length_ge_20,glaive,bfd_split,4096,5000,2148,0,0.0,0,0.0,0.0,0.0,1.0,5000,1966,0,0.0,0,0.0,0.0,0.0,1.0,0.0,0.0
length_ge_20,glaive,bfd_split,8192,5000,2148,0,0.0,0,0.0,0.0,0.0,1.0,5000,1966,0,0.0,0,0.0,0.0,0.0,1.0,0.0,0.0
length_ge_20,glaive,wrapped_single_batch,256,5000,2067,691,0.3343009192065795,614,0.1228,0.0272426491082524,0.0273481990611812,0.996140515406787,5000,1890,666,0.3523809523809524,589,0.1178,0.0259211773231506,0.0260216073156761,0.996140515406787,1.80800331743729,-0.13214717851018007
length_ge_20,glaive,wrapped_single_batch,512,5000,2107,362,0.1718082581869957,362,0.0724,0.0136016500362339,0.0136278141452636,0.9980800949623396,5000,1929,346,0.1793675479523069,346,0.0692,0.0128589369857982,0.0128836724133682,0.9980800949623396,0.75592897653112,-0.07427130504356998
length_ge_20,glaive,wrapped_single_batch,1024,5000,2129,169,0.0793799906059182,169,0.0338,0.0063778228834317,0.0063838097394946,0.9990621813137988,5000,1948,164,0.0841889117043121,164,0.0328,0.0059744952666389,0.0059801035194648,0.9990621813137988,0.4808921098393898,-0.040332761679280016
length_ge_20,glaive,wrapped_single_batch,2048,5000,2137,80,0.0374356574637342,80,0.016,0.0031462833196158,0.0031476870487194,0.999554044261107,5000,1956,77,0.0393660531697341,77,0.0154,0.0029610149427963,0.0029623360135421,0.999554044261107,0.19303957059998988,-0.01852683768195002
length_ge_20,glaive,wrapped_single_batch,4096,5000,2143,42,0.0195986934204386,42,0.0084,0.0018707187429294,0.0018711697188653,0.9997589871558188,5000,1962,40,0.0203873598369011,40,0.008,0.001787102041887,0.0017875328602657,0.9997589871558188,0.07886664164625003,-0.008361670104240004
length_ge_20,glaive,wrapped_single_batch,8192,5000,2146,23,0.01071761416589,23,0.0046,0.0010001213261936,0.001000254162943,0.9998671970042268,5000,1964,22,0.0112016293279022,22,0.0044,0.0009919236104051,0.0009920553583287,0.9998671970042268,0.04840151620121996,-0.0008197715788500022
length_ge_20,toolace,bfd_split,256,11300,408,277,0.678921568627451,237,0.0209734513274336,0.0139340767832701,0.0139881817508985,0.9961320943213376,11300,395,271,0.6860759493670886,232,0.0205309734513274,0.0137748729307505,0.0138283597218453,0.9961320943213376,0.7154380739637589,-0.015920385251960018
length_ge_20,toolace,bfd_split,512,11300,417,171,0.4100719424460431,151,0.013362831858407,0.0099326108256482,0.009953018668334,0.9979495825974162,11300,403,167,0.4143920595533499,148,0.0130973451327433,0.0098439268004192,0.0098641524302239,0.9979495825974162,0.4320117107306787,-0.008868402522899978
length_ge_20,toolace,bfd_split,1024,11300,418,118,0.2822966507177033,110,0.0097345132743362,0.0070455718356631,0.0070511620943897,0.9992071861840972,11300,404,116,0.2871287128712871,108,0.0095575221238938,0.0069729150439092,0.0069784476536226,0.9992071861840972,0.48320621535837827,-0.0072656791753900225
length_ge_20,toolace,bfd_split,2048,11300,422,19,0.0450236966824644,19,0.0016814159292035,0.0016668322814125,0.0016669551781398,0.9999262747260144,11300,407,19,0.0466830466830466,19,0.0016814159292035,0.0016668322814125,0.0016669551781398,0.9999262747260144,0.1659350000582198,0.0
length_ge_20,toolace,bfd_split,4096,11300,422,0,0.0,0,0.0,0.0,0.0,0.9999967945533048,11300,407,0,0.0,0,0.0,0.0,0.0,0.9999967945533048,0.0,0.0
length_ge_20,toolace,bfd_split,8192,11300,422,0,0.0,0,0.0,0.0,0.0,1.0,11300,407,0,0.0,0,0.0,0.0,0.0,1.0,0.0,0.0
length_ge_20,toolace,wrapped_single_batch,256,11300,412,275,0.6674757281553398,243,0.021504424778761,0.0139340767832701,0.0139890070282933,0.9960733277985954,11300,397,266,0.6700251889168766,233,0.0206194690265486,0.0137246542658618,0.0137787589355439,0.9960733277985954,0.2549460761536726,-0.020942251740829927
length_ge_20,toolace,wrapped_single_batch,512,11300,417,182,0.4364508393285372,170,0.0150442477876106,0.0102072107591886,0.0102273067913685,0.9980350611759502,11300,402,177,0.4402985074626865,165,0.0146017699115044,0.010117458251728,0.010137377578506,0.9980350611759502,0.3847668134149329,-0.008975250746059982
length_ge_20,toolace,wrapped_single_batch,1024,11300,420,104,0.2476190476190476,100,0.0088495575221238,0.006277333111089,0.0062834157396623,0.9990319550981028,11300,405,103,0.254320987654321,99,0.0087610619469026,0.006234593821822,0.0062406350367539,0.9990319550981028,0.6701940035273385,-0.004273928926700008
length_ge_20,toolace,wrapped_single_batch,2048,11300,420,48,0.1142857142857142,48,0.0042477876106194,0.0027737798734275,0.0027751646284101,0.999501018797808,11300,405,48,0.1185185185185185,48,0.0042477876106194,0.0027630950511108,0.0027644744719062,0.999501018797808,0.42328042328042964,-0.001068482231669993
length_ge_20,toolace,wrapped_single_batch,4096,11300,421,28,0.0665083135391924,28,0.0024778761061946,0.0014777109264061,0.0014780836426478,0.9997478381933248,11300,406,28,0.0689655172413793,28,0.0024778761061946,0.0014595467284676,0.0014599148632371,0.9997478381933248,0.2457203702186897,-0.0018164197938499993
length_ge_20,toolace,wrapped_single_batch,8192,11300,422,13,0.0308056872037914,13,0.0011504424778761,0.0004647897707785,0.0004648533467838,0.9998632342743456,11300,407,13,0.0319410319410319,13,0.0011504424778761,0.0004647897707785,0.0004648533467838,0.9998632342743456,0.11353447372405012,0.0
length_ge_6,glaive,bfd_split,256,5000,4984,1673,0.3356741573033708,1500,0.3,0.0462646288238245,0.0464231717729742,0.9965848316025224,5000,4798,1664,0.3468111713213839,1491,0.2982,0.0446791905903339,0.0448323004460033,0.9965848316025224,1.1137014018013092,-0.15854382334905964
length_ge_6,glaive,bfd_split,512,5000,5033,380,0.0755016888535664,379,0.0758,0.0111292189544305,0.0111372350845875,0.999280240553772,5000,4847,378,0.0779863833298947,377,0.0754,0.0108177057544685,0.0108254975085604,0.999280240553772,0.24846944763283058,-0.031151319996199946
length_ge_6,glaive,bfd_split,1024,5000,5049,1,0.0001980590215884,1,0.0002,0.0001032912189347,0.0001032913882854,0.9999983604568424,5000,4863,1,0.0002056343820686,1,0.0002,0.0001032912189347,0.0001032913882854,0.9999983604568424,0.0007575360480199979,0.0
length_ge_6,glaive,bfd_split,2048,5000,5049,0,0.0,0,0.0,0.0,0.0,1.0,5000,4863,0,0.0,0,0.0,0.0,0.0,1.0,0.0,0.0
length_ge_6,glaive,bfd_split,4096,5000,5049,0,0.0,0,0.0,0.0,0.0,1.0,5000,4863,0,0.0,0,0.0,0.0,0.0,1.0,0.0,0.0
length_ge_6,glaive,bfd_split,8192,5000,5049,0,0.0,0,0.0,0.0,0.0,1.0,5000,4863,0,0.0,0,0.0,0.0,0.0,1.0,0.0,0.0
length_ge_6,glaive,wrapped_single_batch,256,5000,4943,1310,0.2650212421606312,1184,0.2368,0.036901197850231,0.0370441692507225,0.996140515406787,5000,4760,1283,0.2695378151260504,1158,0.2316,0.0355272606840829,0.035664908850309,0.996140515406787,0.45165729654191855,-0.1373937166148101
length_ge_6,glaive,wrapped_single_batch,512,5000,4993,687,0.1375926296815541,687,0.1374,0.0188203159071756,0.0188565186322904,0.9980800949623396,5000,4808,669,0.1391430948419301,669,0.1338,0.0180579283388476,0.0180926645366362,0.9980800949623396,0.1550465160375991,-0.0762387568327999
length_ge_6,glaive,wrapped_single_batch,1024,5000,5025,333,0.0662686567164179,333,0.0666,0.0090551968599469,0.0090636969643261,0.9990621813137988,5000,4840,326,0.0673553719008264,326,0.0652,0.0086731833042041,0.0086813248128345,0.9990621813137988,0.10867151844084905,-0.03820135557427995
length_ge_6,glaive,wrapped_single_batch,2048,5000,5038,149,0.0295752282651846,149,0.0298,0.004357905713152,0.0043598500132862,0.999554044261107,5000,4853,145,0.0298784257160519,145,0.029,0.0041890327679095,0.0041909017245847,0.999554044261107,0.030319745086729993,-0.016887294524249932
length_ge_6,glaive,wrapped_single_batch,4096,5000,5042,75,0.0148750495834986,75,0.015,0.0024298029597033,0.0024303887145998,0.9997589871558188,5000,4857,73,0.0150298538192299,73,0.0146,0.002356023517607,0.0023565914864237,0.9997589871558188,0.01548042357313005,-0.007377944209630005
length_ge_6,glaive,wrapped_single_batch,8192,5000,5047,41,0.0081236378046364,41,0.0082,0.0012968786377363,0.0012970508899802,0.9998671970042268,5000,4861,40,0.0082287595145031,40,0.008,0.0012919600082632,0.0012921316072116,0.9998671970042268,0.010512170986669983,-0.000491862947309997
length_ge_6,retool,bfd_split,256,2000,109,30,0.2752293577981651,27,0.0135,0.0001455609674123,0.0001461244933162,0.996143521930446,2000,91,27,0.2967032967032967,25,0.0125,0.0001375728655421,0.000138105466244,0.996143521930446,2.1473938905131607,-0.0007988101870199998
length_ge_6,retool,bfd_split,512,2000,112,18,0.1607142857142857,16,0.008,0.0001097624368089,0.0001099903232233,0.997928123059372,2000,91,17,0.1868131868131868,15,0.0075,0.0001068038805607,0.0001070256244841,0.997928123059372,2.609890109890109,-0.0002958556248200002
length_ge_6,retool,bfd_split,1024,2000,112,11,0.0982142857142857,11,0.0055,7.899345182745581e-05,7.906474988443813e-05,0.9990982320555428,2000,91,10,0.1098901098901098,10,0.005,7.60348955792365e-05,7.610352329700599e-05,0.9990982320555428,1.1675824175824108,-0.0002958556248219314
length_ge_6,retool,bfd_split,2048,2000,113,4,0.0353982300884955,4,0.002,6.272139246224956e-05,6.273837623612358e-05,0.999729292103288,2000,92,3,0.0326086956521739,3,0.0015,5.9762836214030245e-05,5.97790188664951e-05,0.999729292103288,-0.27895344363216,-0.0002958556248219314
length_ge_6,retool,bfd_split,4096,2000,113,2,0.0176991150442477,2,0.001,3.0768984981480914e-05,3.077064184896053e-05,0.9999461542762824,2000,92,2,0.0217391304347826,2,0.001,3.0768984981480914e-05,3.077064184896053e-05,0.9999461542762824,0.40400153905349007,0.0
length_ge_6,retool,bfd_split,8192,2000,113,1,0.0088495575221238,1,0.0005,5.325401246794774e-06,5.3254359091184775e-06,0.999993491176254,2000,92,1,0.0108695652173913,1,0.0005,5.325401246794774e-06,5.3254359091184775e-06,0.999993491176254,0.20200076952675006,0.0
length_ge_6,retool,wrapped_single_batch,256,2000,111,36,0.3243243243243243,33,0.0165,0.0001775133748931,0.000178206158983,0.99611245708984,2000,91,31,0.3406593406593406,29,0.0145,0.0001609454599031,0.0001615735841446,0.99611245708984,1.6335016335016328,-0.0016567914990000018
length_ge_6,retool,wrapped_single_batch,512,2000,112,23,0.2053571428571428,22,0.011,0.0001428982667889,0.0001431763995493,0.9980574119674192,2000,91,20,0.2197802197802197,19,0.0095,0.0001357977317932,0.0001360620442921,0.9980574119674192,1.4423076923076898,-0.0007100534995699986
length_ge_6,retool,wrapped_single_batch,1024,2000,113,13,0.1150442477876106,12,0.006,0.000102957757438,0.0001030573075626,0.9990340313849564,2000,92,11,0.1195652173913043,10,0.005,9.704064494159368e-05,9.713447379471814e-05,0.9990340313849564,0.4520969603693692,-0.0005917112496406319
length_ge_6,retool,wrapped_single_batch,2048,2000,113,9,0.079646017699115,9,0.0045,7.544318432959263e-05,7.547982971750416e-05,0.9995145009196672,2000,92,8,0.0869565217391304,8,0.004,7.248462808137332e-05,7.25198363952491e-05,0.9995145009196672,0.7310504040015403,-0.0002958556248219314
length_ge_6,retool,wrapped_single_batch,4096,2000,113,4,0.0353982300884955,4,0.002,5.828355808992058e-05,5.82978392216617e-05,0.9997550315426474,2000,92,4,0.0434782608695652,4,0.002,5.828355808992058e-05,5.82978392216617e-05,0.9997550315426474,0.8080030781069704,0.0
length_ge_6,retool,wrapped_single_batch,8192,2000,113,1,0.0088495575221238,1,0.0005,5.621256871616706e-06,5.6219304999198135e-06,0.9998801784719472,2000,92,1,0.0108695652173913,1,0.0005,5.621256871616706e-06,5.6219304999198135e-06,0.9998801784719472,0.20200076952675006,0.0
length_ge_6,toolace,bfd_split,256,11300,761,478,0.6281208935611038,388,0.0343362831858407,0.0242737793391864,0.0243680325908223,0.9961320943213376,11300,747,472,0.6318607764390897,383,0.0338938053097345,0.0240109327101944,0.0241041653482243,0.9961320943213376,0.37398828779858784,-0.026284662899200145
length_ge_6,toolace,bfd_split,512,11300,769,304,0.3953185955786736,264,0.023362831858407,0.0169001834583991,0.0169349070866006,0.9979495825974162,11300,754,300,0.3978779840848806,261,0.0230973451327433,0.0167783764839882,0.0168128498438952,0.9979495825974162,0.25593885062070165,-0.01218069744108978
length_ge_6,toolace,bfd_split,1024,11300,771,214,0.2775616083009079,200,0.0176991150442477,0.0121379581518249,0.012147588928157,0.9992071861840972,11300,756,211,0.2791005291005291,197,0.017433628318584,0.0120407262687425,0.0120502798971304,0.9992071861840972,0.15389207996212018,-0.009723188308240031
length_ge_6,toolace,bfd_split,2048,11300,774,40,0.0516795865633074,37,0.0032743362831858,0.0034020474256523,0.0034022982610238,0.9999262747260144,11300,759,40,0.0527009222661396,37,0.0032743362831858,0.0033977734967256,0.0033980240169772,0.9999262747260144,0.10213357028322004,-0.00042739289266998347
length_ge_6,toolace,bfd_split,4096,11300,774,3,0.003875968992248,3,0.0002654867256637,0.0001089851876308,0.0001089855369781,0.9999967945533048,11300,759,3,0.0039525691699604,3,0.0002654867256637,0.0001089851876308,0.0001089855369781,0.9999967945533048,0.007660017771240037,0.0
length_ge_6,toolace,bfd_split,8192,11300,774,0,0.0,0,0.0,0.0,0.0,1.0,11300,759,0,0.0,0,0.0,0.0,0.0,1.0,0.0,0.0
length_ge_6,toolace,wrapped_single_batch,256,11300,768,484,0.6302083333333334,399,0.0353097345132743,0.0246231730289441,0.0247202413133211,0.9960733277985954,11300,753,480,0.6374501992031872,395,0.0349557522123893,0.0242887380904299,0.0243844879815324,0.9960733277985954,0.724186586985387,-0.03344349385141984
length_ge_6,toolace,wrapped_single_batch,512,11300,770,311,0.4038961038961039,278,0.0246017699115044,0.0172891109907287,0.0173231499205625,0.9980350611759502,11300,755,307,0.4066225165562914,275,0.0243362831858407,0.0171619616051594,0.0171957502023407,0.9980350611759502,0.27264126601874716,-0.012714938556929872
length_ge_6,toolace,wrapped_single_batch,1024,11300,772,185,0.2396373056994818,171,0.0151327433628318,0.0105352348043128,0.0105454432669055,0.9990319550981028,11300,757,183,0.2417437252311756,170,0.0150442477876106,0.0104647149770222,0.0104748551071068,0.9990319550981028,0.21064195316937984,-0.00705198272906004
length_ge_6,toolace,wrapped_single_batch,2048,11300,772,96,0.1243523316062176,95,0.0084070796460176,0.0047932112912928,0.0047956042076456,0.999501018797808,11300,757,97,0.1281373844121532,96,0.0084955752212389,0.004779321022281,0.0047817070041905,0.999501018797808,0.3785052805935593,-0.0013890269011799725
length_ge_6,toolace,wrapped_single_batch,4096,11300,773,50,0.0646830530401035,50,0.0044247787610619,0.0025878639651161,0.0025885166901613,0.9997478381933248,11300,758,50,0.0659630606860158,50,0.0044247787610619,0.0025611519093243,0.0025617978969103,0.9997478381933248,0.12800076459123094,-0.0026712055791799916
length_ge_6,toolace,wrapped_single_batch,8192,11300,774,23,0.0297157622739018,23,0.0020353982300884,0.0008067040849144,0.0008068144294753,0.9998632342743456,11300,759,23,0.0303030303030303,23,0.0020353982300884,0.0008024301559877,0.0008025399159416,0.9998632342743456,0.05872680291285001,-0.00042739289267000515
opaque_identifier,glaive,bfd_split,256,5000,400,112,0.28,97,0.0194,0.0028249328607076,0.0028346135432998,0.9965848316025224,5000,400,112,0.28,97,0.0194,0.0028249328607076,0.0028346135432998,0.9965848316025224,0.0,0.0
opaque_identifier,glaive,bfd_split,512,5000,404,49,0.1212871287128712,48,0.0096,0.001078819397763,0.0010795964475042,0.999280240553772,5000,404,49,0.1212871287128712,48,0.0096,0.001078819397763,0.0010795964475042,0.999280240553772,0.0,0.0
opaque_identifier,glaive,bfd_split,1024,5000,406,1,0.0024630541871921,1,0.0002,6.230263999239252e-05,6.23027421404271e-05,0.9999983604568424,5000,406,1,0.0024630541871921,1,0.0002,6.230263999239252e-05,6.23027421404271e-05,0.9999983604568424,0.0,0.0
opaque_identifier,glaive,bfd_split,2048,5000,406,0,0.0,0,0.0,0.0,0.0,1.0,5000,406,0,0.0,0,0.0,0.0,0.0,1.0,0.0,0.0
opaque_identifier,glaive,bfd_split,4096,5000,406,0,0.0,0,0.0,0.0,0.0,1.0,5000,406,0,0.0,0,0.0,0.0,0.0,1.0,0.0,0.0
opaque_identifier,glaive,bfd_split,8192,5000,406,0,0.0,0,0.0,0.0,0.0,1.0,5000,406,0,0.0,0,0.0,0.0,0.0,1.0,0.0,0.0
opaque_identifier,glaive,wrapped_single_batch,256,5000,394,111,0.2817258883248731,99,0.0198,0.0028708400691231,0.0028819629607684,0.996140515406787,5000,394,111,0.2817258883248731,99,0.0198,0.0028708400691231,0.0028819629607684,0.996140515406787,0.0,0.0
opaque_identifier,glaive,wrapped_single_batch,512,5000,399,51,0.1278195488721804,51,0.0102,0.0010706216819745,0.0010726811278757,0.9980800949623396,5000,399,51,0.1278195488721804,51,0.0102,0.0010706216819745,0.0010726811278757,0.9980800949623396,0.0,0.0
opaque_identifier,glaive,wrapped_single_batch,1024,5000,403,25,0.0620347394540942,25,0.005,0.0003934903578466,0.0003938597268582,0.9990621813137988,5000,403,25,0.0620347394540942,25,0.005,0.0003934903578466,0.0003938597268582,0.9990621813137988,0.0,0.0
opaque_identifier,glaive,wrapped_single_batch,2048,5000,405,8,0.019753086419753,8,0.0016,0.0001164075641963,0.0001164594999786,0.999554044261107,5000,405,8,0.019753086419753,8,0.0016,0.0001164075641963,0.0001164594999786,0.999554044261107,0.0,0.0
opaque_identifier,glaive,wrapped_single_batch,4096,5000,405,4,0.0098765432098765,4,0.0008,7.705852841164337e-05,7.707710498393681e-05,0.9997589871558188,5000,405,4,0.0098765432098765,4,0.0008,7.705852841164337e-05,7.707710498393681e-05,0.9997589871558188,0.0,0.0
opaque_identifier,glaive,wrapped_single_batch,8192,5000,406,0,0.0,0,0.0,0.0,0.0,0.9998671970042268,5000,406,0,0.0,0,0.0,0.0,0.0,0.9998671970042268,0.0,0.0
opaque_identifier,toolace,bfd_split,256,11300,132,78,0.5909090909090909,74,0.0065486725663716,0.0034939368975763,0.0035075035906324,0.9961320943213376,11300,132,78,0.5909090909090909,74,0.0065486725663716,0.0034939368975763,0.0035075035906324,0.9961320943213376,0.0,0.0
opaque_identifier,toolace,bfd_split,512,11300,134,46,0.3432835820895522,46,0.0040707964601769,0.0025857270006528,0.0025910397135723,0.9979495825974162,11300,134,46,0.3432835820895522,46,0.0040707964601769,0.0025857270006528,0.0025910397135723,0.9979495825974162,0.0,0.0
opaque_identifier,toolace,bfd_split,1024,11300,135,38,0.2814814814814815,38,0.003362831858407,0.0021326905344227,0.0021343827025177,0.9992071861840972,11300,135,38,0.2814814814814815,38,0.003362831858407,0.0021326905344227,0.0021343827025177,0.9992071861840972,0.0,0.0
opaque_identifier,toolace,bfd_split,2048,11300,137,3,0.0218978102189781,3,0.0002654867256637,0.0005064605778138,0.0005064979195117,0.9999262747260144,11300,137,3,0.0218978102189781,3,0.0002654867256637,0.0005064605778138,0.0005064979195117,0.9999262747260144,0.0,0.0
opaque_identifier,toolace,bfd_split,4096,11300,137,0,0.0,0,0.0,0.0,0.0,0.9999967945533048,11300,137,0,0.0,0,0.0,0.0,0.0,0.9999967945533048,0.0,0.0
opaque_identifier,toolace,bfd_split,8192,11300,137,0,0.0,0,0.0,0.0,0.0,1.0,11300,137,0,0.0,0,0.0,0.0,0.0,1.0,0.0,0.0
opaque_identifier,toolace,wrapped_single_batch,256,11300,133,70,0.5263157894736842,68,0.0060176991150442,0.0033005416136432,0.0033135528495052,0.9960733277985954,11300,133,70,0.5263157894736842,68,0.0060176991150442,0.0033005416136432,0.0033135528495052,0.9960733277985954,0.0,0.0
opaque_identifier,toolace,wrapped_single_batch,512,11300,136,47,0.3455882352941176,47,0.0041592920353982,0.0026295347721515,0.0026347118196962,0.9980350611759502,11300,136,47,0.3455882352941176,47,0.0041592920353982,0.0026295347721515,0.0026347118196962,0.9980350611759502,0.0,0.0
opaque_identifier,toolace,wrapped_single_batch,1024,11300,136,24,0.1764705882352941,24,0.0021238938053097,0.0016219560276822,0.0016235276753714,0.9990319550981028,11300,136,24,0.1764705882352941,24,0.0021238938053097,0.0016219560276822,0.0016235276753714,0.9990319550981028,0.0,0.0
opaque_identifier,toolace,wrapped_single_batch,2048,11300,136,13,0.0955882352941176,13,0.0011504424778761,0.0009926199932258,0.0009931155392114,0.999501018797808,11300,136,13,0.0955882352941176,13,0.0011504424778761,0.0009926199932258,0.0009931155392114,0.999501018797808,0.0,0.0
opaque_identifier,toolace,wrapped_single_batch,4096,11300,137,8,0.0583941605839416,8,0.0007079646017699,0.0007233624708437,0.0007235449212383,0.9997478381933248,11300,137,8,0.0583941605839416,8,0.0007079646017699,0.0007233624708437,0.0007235449212383,0.9997478381933248,0.0,0.0
opaque_identifier,toolace,wrapped_single_batch,8192,11300,137,2,0.0145985401459854,2,0.0001769911504424,5.556107604708588e-05,5.55686759373741e-05,0.9998632342743456,11300,137,2,0.0145985401459854,2,0.0001769911504424,5.556107604708588e-05,5.55686759373741e-05,0.9998632342743456,0.0,0.0
